Component,Explained_Variance,Explained_Variance_Ratio,Cumulative_Variance_Ratio
PC1,134.33996552516524,0.14017297356281438,0.14017297356281438
PC2,78.11428429947897,0.08150598718099206,0.22167896074380644
PC3,34.12786485981115,0.03560968830123366,0.2572886490450401
PC4,24.677636879583414,0.025749133762183348,0.28303778280722347
PC5,22.82905652108344,0.023820288502265405,0.3068580713094889
PC6,19.294040900161495,0.02013178337842863,0.3269898546879175
PC7,18.40909634185241,0.019208414746529,0.34619826943444654
PC8,17.804864255988697,0.01857794705311789,0.3647762164875644
PC9,16.73201677571934,0.017458516800915258,0.3822347332884797
PC10,14.901938766953592,0.015548977258175422,0.3977837105466551
PC11,14.464375569166592,0.015092415174690534,0.41287612572134563
PC12,13.711566412925892,0.014306919231297538,0.42718304495264314
PC13,13.581639988164072,0.014171351433345126,0.4413543963859883
PC14,12.690608358217155,0.013241631430664435,0.4545960278166527
PC15,12.516009754209456,0.013059451798505076,0.4676554796151578
PC16,11.879098753050732,0.01239488627938885,0.48005036589454664
PC17,11.758010586817164,0.012268540494961445,0.4923189063895081
PC18,11.096732311715444,0.011578549680901475,0.5038974560704096
PC19,10.47365649485934,0.0109284200663644,0.514825876136774
PC20,10.171892753040801,0.010613553817599267,0.5254394299543733
PC21,9.512678159714424,0.009925716289866314,0.5353651462442396
PC22,9.088612351158119,0.009483237648910275,0.5448483838931498
PC23,8.975405828171466,0.009365115726727902,0.5542134996198778
PC24,8.564588505628567,0.008936460817767361,0.5631499604376451
PC25,8.423685749405106,0.008789440098759217,0.5719394005364044
PC26,8.239625556983212,0.008597388058359611,0.580536788594764
PC27,7.979846360000573,0.00832632931297088,0.5888631179077348
PC28,7.743365466543851,0.008079580477678004,0.5969426983854128
PC29,7.211995356195372,0.007525138408716817,0.6044678367941296
PC30,7.0315757678603745,0.0073368850465320695,0.6118047218406617
PC31,6.883557091147856,0.0071824394355292885,0.618987161276191
PC32,6.608370659789063,0.006895304477462953,0.625882465753654
PC33,6.3368472036066334,0.006611991540048107,0.6324944572937021
PC34,6.087172297133844,0.006351475810961124,0.6388459331046632
PC35,5.870822619611912,0.006125732284014006,0.6449716653886772
PC36,5.7470417028327105,0.005996576830479058,0.6509682422191563
PC37,5.648113504326802,0.005893353194090765,0.6568615954132471
PC38,5.436194359706558,0.00567223257268683,0.6625338279859339
PC39,5.205148422264402,0.0054311546778528594,0.6679649826637867
PC40,5.1463818692935535,0.005369836495703874,0.6733348191594906
PC41,4.985787891072713,0.005202269566715194,0.6785370887262058
PC42,4.763722633996822,0.004970562291165183,0.683507651017371
PC43,4.5664985184610245,0.0047647747533697375,0.6882724257707408
PC44,4.5145570196965235,0.0047105779675907095,0.6929830037383314
PC45,4.43037087452713,0.0046227364808443545,0.6976057402191758
PC46,4.264476498168241,0.004449639011742964,0.7020553792309188
PC47,4.21192908712664,0.0043948100051258016,0.7064501892360445
PC48,4.141421332297387,0.004321240821041093,0.7107714300570857
PC49,4.003726216664409,0.004177567017583592,0.7149489970746692
PC50,3.960077880252764,0.004132023481213216,0.7190810205558824
PC51,3.948765943249611,0.004120220382706465,0.7232012409385888
PC52,3.908924734155864,0.004078649278179403,0.7272798902167682
PC53,3.741872890683627,0.0039043440850292177,0.7311842343017975
PC54,3.6324406067491797,0.0037901602784241144,0.7349743945802216
PC55,3.5956259732225853,0.0037517471626258873,0.7387261417428476
PC56,3.530608698942119,0.003683906854395833,0.7424100485972434
PC57,3.4448852729680426,0.003594461338492919,0.7460045099357363
PC58,3.3559228993634886,0.003501636240655445,0.7495061461763918
PC59,3.200497178611434,0.0033394619735950745,0.7528456081499868
PC60,3.1640819321817473,0.003301465586182606,0.7561470737361694
PC61,3.0967591937611663,0.0032312197111303556,0.7593782934472998
PC62,3.0613905976659015,0.0031943154193506567,0.7625726088666505
PC63,3.031325990393975,0.003162945414275624,0.7657355542809261
PC64,2.9582725401745273,0.003086720001337247,0.7688222742822634
PC65,2.8585615756164935,0.0029826796113886747,0.771804953893652
PC66,2.8111808231666173,0.0029332415983999143,0.7747381954920519
PC67,2.743162600768331,0.002862270041627863,0.7776004655336798
PC68,2.6815506395173205,0.0027979829042757754,0.7803984484379556
PC69,2.6746514865039406,0.0027907841917469327,0.7831892326297025
PC70,2.6250525828800195,0.002739031716009412,0.785928264345712
PC71,2.589965496798405,0.002702421157338448,0.7886306855030504
PC72,2.493160662452823,0.0026014130810565316,0.7912320985841069
PC73,2.4595259014899575,0.002566317907101346,0.7937984164912083
PC74,2.417595667355646,0.002522567072583747,0.796320983563792
PC75,2.360115619982943,0.0024625912557874126,0.7987835748195794
PC76,2.3325265520951195,0.002433804277403544,0.801217379096983
PC77,2.27424180998129,0.002372988826219683,0.8035903679232027
PC78,2.263183666931364,0.002361450541336762,0.8059518184645394
PC79,2.178170222126166,0.0022727458338092726,0.8082245642983488
PC80,2.1525577242703924,0.0022460212476388044,0.8104705855459876
PC81,2.123102228933017,0.002215286801987692,0.8126858723479753
PC82,2.0804712064740687,0.0021708047510899304,0.8148566770990652
PC83,2.047387038522013,0.0021362840767577456,0.8169929611758229
PC84,2.023472191905968,0.00211133085342346,0.8191042920292463
PC85,1.991511633151507,0.0020779825751219994,0.8211822746043683
PC86,1.9495216091001224,0.0020341693546239333,0.8232164439589923
PC87,1.9049551917684107,0.0019876678744872784,0.8252041118334795
PC88,1.8632705556666906,0.0019441733018080306,0.8271482851352876
PC89,1.8482098017060014,0.0019284586136397335,0.8290767437489274
PC90,1.8163466990114072,0.001895212022916127,0.8309719557718435
PC91,1.8061193106689815,0.0018845405639043935,0.8328564963357479
PC92,1.7721959763763704,0.0018491442868369416,0.8347056406225848
PC93,1.7307724047073398,0.0018059221139434057,0.8365115627365282
PC94,1.6990160052128391,0.0017727868594464185,0.8382843495959745
PC95,1.6945232040061418,0.00176809898192384,0.8400524485778984
PC96,1.6516763307593574,0.0017233917080504842,0.8417758402859489
PC97,1.6276948427429496,0.0016983689497627342,0.8434742092357116
PC98,1.6017576918942136,0.0016713056142467402,0.8451455148499584
PC99,1.593346261201708,0.0016625289613164164,0.8468080438112748
PC100,1.5629118413389718,0.0016307730864794545,0.8484388168977542
PC101,1.5317776301356354,0.0015982870355351671,0.8500371039332895
PC102,1.511608708873941,0.001577242384706547,0.851614346317996
PC103,1.4712424102821515,0.0015351233914254624,0.8531494697094215
PC104,1.4577547047703834,0.001521050053080218,0.8546705197625017
PC105,1.420738167425203,0.0014824262668495978,0.8561529460293513
PC106,1.4065136445356488,0.0014675841186984754,0.8576205301480498
PC107,1.3761372259876767,0.0014358887635790025,0.8590564189116289
PC108,1.359914395381874,0.0014189615416854162,0.8604753804533143
PC109,1.353271626224763,0.0014120303451363955,0.8618874107984507
PC110,1.324550905040552,0.0013820625773502317,0.8632694733758008
PC111,1.3083893533532904,0.0013651992950906558,0.8646346726708914
PC112,1.2741156570319094,0.001329437443361902,0.8659641101142533
PC113,1.2691552928088703,0.001324261701352591,0.8672883718156059
PC114,1.2552433122765911,0.0013097456660705047,0.8685981174816764
PC115,1.2456787450272975,0.0012997658076796385,0.869897883289356
PC116,1.2211370921065692,0.001274158562266131,0.8711720418516221
PC117,1.1997663336045938,0.0012518598907218577,0.872423901742344
PC118,1.1893052980758607,0.0012409446396208434,0.8736648463819648
PC119,1.181691528164406,0.0012330002817051659,0.87489784666367
PC120,1.156145480470981,0.001206345030946641,0.8761041916946166
PC121,1.1421713965741929,0.001191764195787337,0.877295955890404
PC122,1.1273617372552,0.0011763115047279025,0.8784722673951318
PC123,1.1095689900572858,0.0011577462008525202,0.8796300135959844
PC124,1.094318480678531,0.0011418335181328928,0.8807718471141173
PC125,1.084866380097703,0.0011319710096853878,0.8819038181238027
PC126,1.0679859419689892,0.0011143576271130833,0.8830181757509158
PC127,1.056813610875011,0.001102700196169513,0.8841208759470853
PC128,1.0455483138728023,0.0010909457627609974,0.8852118217098464
PC129,1.0224611475465777,0.001066856157389765,0.8862786778672361
PC130,1.0058623871522154,0.0010495366829292882,0.8873282145501654
PC131,0.9923093606205097,0.0010353951873415955,0.888363609737507
PC132,0.9835738235367238,0.001026280355400738,0.8893898900929078
PC133,0.9597313549817093,0.0010014026527649705,0.8903912927456727
PC134,0.9510029187135596,0.0009922952299554057,0.8913835879756281
PC135,0.942236662823777,0.0009831483454056016,0.8923667363210337
PC136,0.9200767114763506,0.0009600262144579486,0.8933267625354916
PC137,0.9029642017278571,0.0009421706837735995,0.8942689332192651
PC138,0.8999995616991397,0.0009390773198089436,0.8952080105390741
PC139,0.8867790714481015,0.0009252827991448819,0.8961332933382189
PC140,0.8813965417709161,0.0009196665613619427,0.8970529598995809
PC141,0.8743779070746894,0.0009123431792851702,0.897965303078866
PC142,0.8583040287474498,0.0008955713771411985,0.8988608744560073
PC143,0.8502577022219916,0.0008871756811104477,0.8997480501371177
PC144,0.8417427007875443,0.0008782909604222135,0.9006263410975399
PC145,0.8337708585692561,0.0008699729827888062,0.9014963140803287
PC146,0.8211781253386274,0.0008568334761995341,0.9023531475565283
PC147,0.8127762431910774,0.0008480667864096235,0.9032012143429379
PC148,0.8081032024922646,0.0008431908434408132,0.9040444051863787
PC149,0.7953508555566565,0.0008298847927590154,0.9048742899791378
PC150,0.7870704821245724,0.000821244887562908,0.9056955348667006
PC151,0.7781669675292866,0.0008119547845685959,0.9065074896512693
PC152,0.772255717027388,0.0008057868690336571,0.9073132765203029
PC153,0.7622804964985048,0.0007953785268994881,0.9081086550472024
PC154,0.752377248453908,0.0007850452822770512,0.9088937003294795
PC155,0.7493424288170397,0.0007818786915230365,0.9096755790210025
PC156,0.7366355378075332,0.0007686200704523957,0.9104441990914549
PC157,0.7298595893662556,0.0007615499120076678,0.9112057490034626
PC158,0.7190703997319526,0.0007502922584310779,0.9119560412618937
PC159,0.7126788667671642,0.0007436232066876388,0.9126996644685813
PC160,0.7028734198818255,0.0007333920097265774,0.9134330564783079
PC161,0.6981673471903898,0.0007284816005242039,0.914161538078832
PC162,0.691842655503298,0.0007218822922901879,0.9148834203711222
PC163,0.6803526445764139,0.0007098933879340313,0.9155933137590563
PC164,0.671390227483501,0.0007005418249102306,0.9162938555839665
PC165,0.667594990328969,0.0006965817994982308,0.9169904373834648
PC166,0.6598408277894208,0.0006884909531413122,0.917678928336606
PC167,0.6443584028587102,0.0006723362851538902,0.9183512646217599
PC168,0.6368850885688224,0.0006645384814080883,0.919015803103168
PC169,0.6317109676851966,0.0006591397014769186,0.9196749428046449
PC170,0.6270996256965824,0.0006543281361610258,0.920329270940806
PC171,0.6213517773260718,0.0006483307176375581,0.9209776016584436
PC172,0.615192774122908,0.000641904292040414,0.9216195059504839
PC173,0.6072210789973974,0.0006335864678865163,0.9222530924183704
PC174,0.6008078100239805,0.0006268947363623365,0.9228799871547327
PC175,0.596468095216734,0.0006223665922127657,0.9235023537469456
PC176,0.5912122296371694,0.0006168825182512012,0.9241192362651968
PC177,0.5892804552002521,0.0006148668666465817,0.9247341031318433
PC178,0.5821630843478071,0.0006074404613141371,0.9253415435931575
PC179,0.5780149071351559,0.0006031121712740901,0.9259446557644315
PC180,0.5658755901647782,0.0005904457681668136,0.9265351015325983
PC181,0.5624271904826106,0.0005868476398243439,0.9271219491724226
PC182,0.5522574239648398,0.0005762363045626235,0.9276981854769852
PC183,0.5465994306970853,0.0005703326426282235,0.9282685181196134
PC184,0.5400606668616034,0.000563509967286143,0.9288320280868996
PC185,0.5357700092049018,0.0005590330103364462,0.929391061097236
PC186,0.5322911736160207,0.0005554031245677301,0.9299464642218037
PC187,0.5265963861473304,0.0005494610708373007,0.930495925292641
PC188,0.5164076988613518,0.0005388299932723022,0.9310347552859133
PC189,0.5142662772378959,0.0005365955916522175,0.9315713508775655
PC190,0.5065592325748736,0.0005285539090183562,0.9320999047865839
PC191,0.5011028857945107,0.0005228606490118984,0.9326227654355957
PC192,0.49709341721269357,0.0005186770902970891,0.9331414425258928
PC193,0.4908244827559267,0.0005121359602585318,0.9336535784861514
PC194,0.4867181534108351,0.0005078513351100914,0.9341614298212615
PC195,0.4841811354216059,0.00050520416042799,0.9346666339816895
PC196,0.48109723738194754,0.0005019863602990888,0.9351686203419886
PC197,0.47831868732246086,0.0004990871662840478,0.9356677075082726
PC198,0.47461369048375646,0.0004952212994000434,0.9361629288076726
PC199,0.47232714056382286,0.000492835468048785,0.9366557642757214
PC200,0.46713557522894367,0.0004874184862326082,0.937143182761954
PC201,0.46011724643277613,0.00048009542333799963,0.937623278185292
PC202,0.45768460504291786,0.00047755715726136786,0.9381008353425534
PC203,0.4482921032008949,0.0004677568353151489,0.9385685921778686
PC204,0.44475565241266923,0.0004640668327093995,0.939032659010578
PC205,0.4386532639164695,0.0004576994800157769,0.9394903584905937
PC206,0.43578814339378596,0.00045470995666946367,0.9399450684472632
PC207,0.4303590776718916,0.0004490451622582776,0.9403941136095215
PC208,0.42654243809884856,0.00044506280514005475,0.9408391764146615
PC209,0.4230375964376816,0.0004414057841218338,0.9412805821987834
PC210,0.4145365539133543,0.0004325356284361405,0.9417131178272196
PC211,0.412613518116397,0.0004305290949010642,0.9421436469221206
PC212,0.4100203749944704,0.0004278233581469013,0.9425714702802676
PC213,0.4061873221106753,0.00042382387505603787,0.9429952941553236
PC214,0.40433185079755746,0.00042188783963795885,0.9434171819949615
PC215,0.4032293094019623,0.0004207374261679798,0.9438379194211295
PC216,0.39873286741002745,0.0004160457497781705,0.9442539651709076
PC217,0.3981640535256282,0.0004154522381357612,0.9446694174090434
PC218,0.3940650338381804,0.0004111752400284895,0.945080592649072
PC219,0.3908011513321767,0.0004077696405522823,0.9454883622896243
PC220,0.386517663253809,0.00040330016448223533,0.9458916624541065
PC221,0.3841242956005133,0.00040080287739808264,0.9462924653315046
PC222,0.37908480523447885,0.0003955445736082407,0.9466880099051128
PC223,0.37181208425537565,0.0003879560728851064,0.9470759659779979
PC224,0.37028934353195075,0.0003863672151365336,0.9474623331931344
PC225,0.3667901487974252,0.00038271608623311056,0.9478450492793675
PC226,0.3644130178000643,0.0003802357407964728,0.948225285020164
PC227,0.35908446312270087,0.00037467582159448254,0.9485999608417585
PC228,0.3583646133997798,0.0003739247161748425,0.9489738855579333
PC229,0.3535749843334713,0.0003689271226004896,0.9493428126805338
PC230,0.34920844417190366,0.0003643709883463556,0.9497071836688802
PC231,0.3462110294100595,0.0003612434265777763,0.9500684270954579
PC232,0.342431831346197,0.00035730013666979127,0.9504257272321277
PC233,0.34018979360696255,0.00035496075020709586,0.9507806879823348
PC234,0.3378474371845648,0.0003525166892488552,0.9511332046715837
PC235,0.3326417486331688,0.0003470849709895976,0.9514802896425733
PC236,0.33183644222611536,0.000346244698377761,0.951826534340951
PC237,0.33070855711546915,0.0003450678407748991,0.9521716021817259
PC238,0.3287519659307742,0.00034302629488545857,0.9525146284766114
PC239,0.3250947997960868,0.00033921033550279574,0.9528538388121142
PC240,0.3207564375663125,0.00033468360265927606,0.9531885224147735
PC241,0.31816603628983664,0.00033198072680081447,0.9535205031415743
PC242,0.3152605052356653,0.0003289490383077427,0.953849452179882
PC243,0.31370723451456506,0.0003273283249565554,0.9541767805048386
PC244,0.31083764511856604,0.000324334138699554,0.9545011146435382
PC245,0.307531562352054,0.00032088450663797686,0.9548219991501762
PC246,0.30395421079002083,0.0003171518273569491,0.9551391509775331
PC247,0.3034551556004552,0.0003166311033146293,0.9554557820808477
PC248,0.30019636747594564,0.00031323081941669927,0.9557690129002644
PC249,0.2998481663417458,0.0003128674994754746,0.9560818803997398
PC250,0.29644309191028423,0.0003093145775553683,0.9563911949772952
PC251,0.2929694826793938,0.0003056901450718127,0.956696885122367
PC252,0.2920935264988844,0.0003047761550908511,0.9570016612774578
PC253,0.29162402017399564,0.0003042862629175955,0.9573059475403753
PC254,0.2851319094577088,0.00029751226636159315,0.9576034598067369
PC255,0.28326378068886404,0.0002955630239041939,0.9578990228306411
PC256,0.2813608092706858,0.0002935774259382548,0.9581926002565794
PC257,0.2779435624922246,0.0002900118031508564,0.9584826120597302
PC258,0.27619087098098466,0.0002881830102082023,0.9587707950699383
PC259,0.2736213126691605,0.0002855018823107565,0.9590562969522491
PC260,0.27164183571843437,0.00028343645696099067,0.9593397334092101
PC261,0.2694063691656534,0.0002811039270040374,0.9596208373362142
PC262,0.26802179842658597,0.00027965923854632904,0.9599004965747605
PC263,0.2653496872563145,0.00027687110497071635,0.9601773676797313
PC264,0.26346281261712473,0.0002749023027019235,0.9604522699824332
PC265,0.26228524514203494,0.00027367360553865627,0.9607259435879718
PC266,0.26087230458599475,0.00027219931545354717,0.9609981429034253
PC267,0.2579119059478285,0.00026911037703956984,0.9612672532804649
PC268,0.25512021358402015,0.0002661974700846078,0.9615334507505495
PC269,0.2511678103796425,0.00026207345451179575,0.9617955242050613
PC270,0.24968931113955015,0.0002605307592008067,0.9620560549642622
PC271,0.24878898286231194,0.00025959133889271135,0.9623156463031549
PC272,0.2474483396163173,0.00025819248524894766,0.9625738387884039
PC273,0.24582563279851966,0.0002564993209029382,0.9628303381093068
PC274,0.24485235133598282,0.00025548377980030336,0.9630858218891072
PC275,0.24148768772678625,0.00025197302333035827,0.9633377949124375
PC276,0.23860133670552075,0.00024896134766247175,0.9635867562601
PC277,0.2364687361312036,0.00024673615009929536,0.9638334924101993
PC278,0.23594005545796157,0.00024618451424213383,0.9640796769244415
PC279,0.23387403970460843,0.00024402879259635986,0.9643237057170378
PC280,0.22919267009258984,0.00023914415907499482,0.9645628498761128
PC281,0.22892537684773848,0.00023886526002363955,0.9648017151361364
PC282,0.22709170867475545,0.0002369519744326411,0.9650386671105691
PC283,0.2265066052531532,0.00023634146596535703,0.9652750085765345
PC284,0.22539317816931262,0.0002351796941532445,0.9655101882706877
PC285,0.2244225804870357,0.0002341669533599439,0.9657443552240477
PC286,0.22087876585997263,0.00023046926717929815,0.965974824491227
PC287,0.21885050240609022,0.00022835293702848968,0.9662031774282555
PC288,0.21709310281918207,0.00022651923158668776,0.9664296966598421
PC289,0.21579806286885783,0.00022516796132240007,0.9666548646211646
PC290,0.21544765148558478,0.0002248023351636347,0.9668796669563282
PC291,0.2131206572284102,0.0002223743033920272,0.9671020412597202
PC292,0.21074447423955683,0.00021989494712619165,0.9673219362068464
PC293,0.2086310941256864,0.00021768980457109513,0.9675396260114174
PC294,0.20699432407121485,0.00021598196636615777,0.9677556079777836
PC295,0.20630692244834545,0.00021526471793503876,0.9679708726957187
PC296,0.2054277680735859,0.0002143473908950246,0.9681852200866137
PC297,0.20457180212121698,0.00021345425911295933,0.9683986743457267
PC298,0.20354932016080995,0.00021238738123901987,0.9686110617269656
PC299,0.2018436678927611,0.00021060766997184837,0.9688216693969375
PC300,0.20079742560346373,0.00020951600010142172,0.9690311853970389
PC301,0.19921263120438026,0.0002078623943219591,0.9692390477913608
PC302,0.19891980344209712,0.00020755685205074803,0.9694466046434116
PC303,0.19659981365322016,0.00020513612887971722,0.9696517407722913
PC304,0.19510064829798124,0.0002035718701359793,0.9698553126424273
PC305,0.19300533223282154,0.0002013855759661155,0.9700566982183935
PC306,0.19042223904961908,0.0001986903255165276,0.97025538854391
PC307,0.18994614841468802,0.00019819356314411808,0.9704535821070541
PC308,0.18916643883942988,0.000197379998772175,0.9706509621058264
PC309,0.18795042917757718,0.0001961111902719147,0.9708470732960983
PC310,0.18630831492044947,0.0001943977758203652,0.9710414710719186
PC311,0.1845050950648139,0.00019251626060511382,0.9712339873325238
PC312,0.18309459553807572,0.00019104451753819456,0.9714250318500619
PC313,0.1828869240894581,0.00019082782904670186,0.9716158596791086
PC314,0.18143461340474826,0.00018931245939168514,0.9718051721385003
PC315,0.18046887989939525,0.00018830479397666602,0.971993476932477
PC316,0.17877534168168016,0.0001865377227488941,0.9721800146552259
PC317,0.17797168072046157,0.00018569916702774306,0.9723657138222536
PC318,0.17680333650504892,0.00018448009359580425,0.9725501939158494
PC319,0.17512979682356533,0.0001827338892357549,0.9727329278050851
PC320,0.17411287542070256,0.00018167281335739136,0.9729146006184425
PC321,0.17244050700901256,0.00017992783112338003,0.9730945284495659
PC322,0.17079061642345278,0.0001782063026971435,0.9732727347522631
PC323,0.16929206678790953,0.00017664268640749797,0.9734493774386705
PC324,0.16799572995113551,0.00017529006294627198,0.9736246675016168
PC325,0.16682473955773242,0.00017406822843994964,0.9737987357300567
PC326,0.1645959567787435,0.0001717426724645914,0.9739704784025213
PC327,0.16388612014288023,0.0001710020148977697,0.974141480417419
PC328,0.163384842929869,0.00017047897235229648,0.9743119593897713
PC329,0.1620067503710482,0.00016904104335581694,0.9744810004331271
PC330,0.1609413190230932,0.00016792935124255735,0.9746489297843697
PC331,0.1599846306388827,0.00016693112368560098,0.9748158609080553
PC332,0.15757958096391594,0.000164421647349289,0.9749802825554046
PC333,0.15653289898202738,0.0001633295186949277,0.9751436120740995
PC334,0.15580300435234085,0.00016256793222115773,0.9753061800063206
PC335,0.1552740678336841,0.00016201602940983694,0.9754681960357304
PC336,0.15483587251575415,0.000161558807759709,0.9756297548434901
PC337,0.15302088252522078,0.00015966501135321708,0.9757894198548434
PC338,0.1517519379736079,0.00015834096954339103,0.9759477608243867
PC339,0.15096464944134388,0.0001575194971380056,0.9761052803215248
PC340,0.1501215385728247,0.00015663977860434764,0.9762619201001291
PC341,0.1488828726790276,0.00015534733014416208,0.9764172674302732
PC342,0.14847545693538375,0.00015492222450981408,0.9765721896547831
PC343,0.14680683982248072,0.00015318115645505414,0.9767253708112381
PC344,0.1459818000104291,0.00015232029361866078,0.9768776911048568
PC345,0.1444479253983143,0.00015071981855070818,0.9770284109234075
PC346,0.1432200607114741,0.00014943864028321097,0.9771778495636907
PC347,0.14206183230014482,0.00014823012188106395,0.9773260796855717
PC348,0.14175983474117143,0.00014791501166286098,0.9774739946972346
PC349,0.14105229885198955,0.00014717675474057188,0.9776211714519751
PC350,0.13950878035785472,0.00014556621705562995,0.9777667376690308
PC351,0.13873739452640732,0.00014476133784239277,0.9779114990068731
PC352,0.13782741265705756,0.00014381184478560685,0.9780553108516588
PC353,0.13687970609869266,0.0001428229890431502,0.9781981338407019
PC354,0.13634996334903127,0.00014227024499447415,0.9783404040856963
PC355,0.13498471586958294,0.0001408457188075327,0.9784812498045039
PC356,0.13388891096626973,0.00013970233432666242,0.9786209521388306
PC357,0.1321694375348376,0.00013790820178461593,0.9787588603406152
PC358,0.1317542268208488,0.00013747496272424083,0.9788963353033394
PC359,0.1304996255694574,0.00013616588699718018,0.9790325011903366
PC360,0.130008729051537,0.00013565367587400814,0.9791681548662106
PC361,0.1293992040633986,0.00013501768546181624,0.9793031725516724
PC362,0.12910556465425835,0.0001347112963022425,0.9794378838479747
PC363,0.12834292850755535,0.00013391554668289472,0.9795717993946575
PC364,0.12681293674299993,0.00013231912305478104,0.9797041185177123
PC365,0.12578965944253997,0.0001312514153073205,0.9798353699330197
PC366,0.12494284625401463,0.00013036783369983846,0.9799657377667195
PC367,0.12455479956744789,0.00012996293812222968,0.9800957007048416
PC368,0.12400037687017403,0.00012938444252872712,0.9802250851473704
PC369,0.12294556221765737,0.0001282838280851929,0.9803533689754556
PC370,0.12224838388541623,0.00012755637844240214,0.980480925353898
PC371,0.12129316608228773,0.0001265596853187942,0.9806074850392168
PC372,0.12065281000459314,0.000125891525138772,0.9807333765643556
PC373,0.12015774563641443,0.00012537496519831551,0.9808587515295538
PC374,0.11927155381667834,0.00012445029514920655,0.980983201824703
PC375,0.11821871851104232,0.00012335174599530438,0.9811065535706983
PC376,0.11786875772332642,0.00012298658999684365,0.9812295401606952
PC377,0.1172742734209803,0.00012236629333329673,0.9813519064540285
PC378,0.116522184057272,0.00012158154843564964,0.9814734880024641
PC379,0.11597293628703843,0.00012100845246323805,0.9815944964549274
PC380,0.11427863768201976,0.0001192405878323341,0.9817137370427597
PC381,0.11393740307143874,0.00011888453689945864,0.9818326215796591
PC382,0.11317019704429059,0.00011808401897658837,0.9819507055986357
PC383,0.1123643985079349,0.0001172432328673171,0.9820679488315031
PC384,0.11217898808575433,0.00011704977197051703,0.9821849986034735
PC385,0.11141583739365027,0.00011625348546433429,0.9823012520889378
PC386,0.11066928112391906,0.00011547451390623468,0.9824167266028441
PC387,0.1093980974596316,0.00011414813576201615,0.9825308747386061
PC388,0.10897623722061205,0.00011370795845588001,0.982644582697062
PC389,0.10802739185442264,0.0001127179144588451,0.9827573006115209
PC390,0.107309221142836,0.00011196856095279582,0.9828692691724736
PC391,0.10671254586249987,0.00011134597817953708,0.9829806151506532
PC392,0.10612876738402954,0.00011073685218408762,0.9830913520028373
PC393,0.10541954644709796,0.00010999683704969278,0.983201348839887
PC394,0.1050826318654401,0.00010964529372032661,0.9833109941336073
PC395,0.10462781047778437,0.00010917072410064237,0.983420164857708
PC396,0.10336757296997849,0.00010785576739230937,0.9835280206251004
PC397,0.10269044089710899,0.00010714923441250828,0.9836351698595128
PC398,0.10186219236334261,0.00010628502353249785,0.9837414548830453
PC399,0.10113593799472227,0.00010552723537902815,0.9838469821184244
PC400,0.10025697988690674,0.00010461011312782013,0.9839515922315522
PC401,0.09993752950798392,0.00010427679229254723,0.9840558690238447
PC402,0.09912334856404652,0.00010342725981363272,0.9841592962836583
PC403,0.09862831067167517,0.0001029107274985566,0.9842622070111569
PC404,0.09795921817720649,0.00010221258317365972,0.9843644195943305
PC405,0.09713227275082416,0.00010134973198163327,0.9844657693263121
PC406,0.0965432587649381,0.00010073514315433254,0.9845665044694665
PC407,0.09604350413117498,0.00010021368929812136,0.9846667181587646
PC408,0.09567327457077704,9.982738446188772e-05,0.9847665455432265
PC409,0.09516542727083427,9.929748655793531e-05,0.9848658430297844
PC410,0.09507724913196623,9.920547974611241e-05,0.9849650485095305
PC411,0.0941696701669197,9.825849392713955e-05,0.9850633070034577
PC412,0.09408516517890543,9.817031975347095e-05,0.9851614773232111
PC413,0.09277632631964021,9.680465143503298e-05,0.9852582819746462
PC414,0.09195139089285628,9.594389751628978e-05,0.9853542258721625
PC415,0.09148629459001204,9.545860684714385e-05,0.9854496844790096
PC416,0.09135175545000707,9.531822605099463e-05,0.9855450027050606
PC417,0.09038647521811287,9.431103359045565e-05,0.9856393137386511
PC418,0.0894615094713611,9.334590606002125e-05,0.9857326596447111
PC419,0.08889401958108603,9.27537758992331e-05,0.9858254134206104
PC420,0.08837474404405712,9.221195354697015e-05,0.9859176253741573
PC421,0.08783880941264377,9.165274876656973e-05,0.9860092781229238
PC422,0.0872609276594496,9.104977553074775e-05,0.9861003278984546
PC423,0.08710999606244657,9.089229052117676e-05,0.9861912201889758
PC424,0.08675944473704153,9.052651834402664e-05,0.9862817467073198
PC425,0.08595839355685332,8.96906857199521e-05,0.9863714373930398
PC426,0.08533415772250748,8.903934572025312e-05,0.98646047673876
PC427,0.0838980655945392,8.754089882769564e-05,0.9865480176375877
PC428,0.08355622415441473,8.718421471688823e-05,0.9866352018523046
PC429,0.08321522615259958,8.682841066627268e-05,0.9867220302629709
PC430,0.08298283373733321,8.65859278298808e-05,0.9868086161908007
PC431,0.08257462901683914,8.615999896150309e-05,0.9868947761897623
PC432,0.08208871445842968,8.565298611329035e-05,0.9869804291758756
PC433,0.08159040626085907,8.513304149717302e-05,0.9870655622173727
PC434,0.08104682055085333,8.456585343024229e-05,0.9871501280708029
PC435,0.08076190198932458,8.42685637753239e-05,0.9872343966345782
PC436,0.08068229701392417,8.41855023716035e-05,0.9873185821369499
PC437,0.07929924597276067,8.274239959670574e-05,0.9874013245365466
PC438,0.07911601969494815,8.255121767928137e-05,0.9874838757542259
PC439,0.07881022282527406,8.223214318524787e-05,0.9875661078974112
PC440,0.07816255734525826,8.155635623046565e-05,0.9876476642536416
PC441,0.07773917254835797,8.111458817052308e-05,0.9877287788418121
PC442,0.07739095981594085,8.075125612748935e-05,0.9878095300979396
PC443,0.07643392601986634,7.975266816097135e-05,0.9878892827661006
PC444,0.07629486315076887,7.960756721653263e-05,0.987968890333317
PC445,0.0762168184307973,7.952613381414543e-05,0.9880484164671312
PC446,0.07493900996316484,7.819284321926112e-05,0.9881266093103505
PC447,0.07480105012496037,7.804889319904363e-05,0.9882046582035495
PC448,0.07424793998722315,7.747176715608778e-05,0.9882821299707056
PC449,0.07398644412096989,7.719891720407377e-05,0.9883593288879097
PC450,0.07375266855438804,7.695499116027878e-05,0.9884362838790699
PC451,0.07345892131594417,7.664848948947978e-05,0.9885129323685594
PC452,0.07279238284427686,7.595301008242189e-05,0.9885888853786419
PC453,0.07262499616241876,7.577835551228604e-05,0.9886646637341542
PC454,0.07195956275615868,7.508402915230171e-05,0.9887397477633065
PC455,0.07146411408835715,7.456706822602794e-05,0.9888143148315326
PC456,0.07090889642975809,7.39877431541763e-05,0.9888883025746867
PC457,0.07044693658893725,7.350572513145817e-05,0.9889618082998182
PC458,0.07028488772710374,7.333664014817063e-05,0.9890351449399664
PC459,0.06981673400641834,7.284815930885795e-05,0.9891079930992752
PC460,0.06931700967355396,7.232673706920305e-05,0.9891803198363445
PC461,0.06907998379654406,7.207941958730607e-05,0.9892523992559318
PC462,0.06840400193572409,7.137408676147688e-05,0.9893237733426933
PC463,0.06836505679979975,7.133345063739436e-05,0.9893951067933306
PC464,0.06747553021491205,7.040530102845668e-05,0.9894655120943591
PC465,0.06696960294606358,6.987740652287323e-05,0.9895353895008819
PC466,0.06660603031936792,6.949804766275482e-05,0.9896048875485447
PC467,0.06619503226064677,6.906920417009592e-05,0.9896739567527147
PC468,0.06574938961060547,6.86042118265405e-05,0.9897425609645413
PC469,0.06572414061670842,6.857786652758062e-05,0.9898111388310689
PC470,0.06517607472213247,6.800600374757504e-05,0.9898791448348164
PC471,0.0648733271524908,6.769011095342632e-05,0.9899468349457698
PC472,0.06440062363982745,6.719688277129463e-05,0.9900140318285412
PC473,0.06379581245717342,6.656581083685398e-05,0.9900805976393781
PC474,0.06328417179980284,6.603195486883356e-05,0.9901466295942469
PC475,0.06259954289949676,6.531759955120497e-05,0.9902119471937981
PC476,0.06244041550713316,6.51515628868683e-05,0.990277098756685
PC477,0.06209350870920181,6.478959348167231e-05,0.9903418883501667
PC478,0.061989884422672,6.468146985428098e-05,0.990406569820021
PC479,0.06160881429942298,6.428385376064162e-05,0.9904708536737816
PC480,0.06111158768635607,6.37650376911593e-05,0.9905346187114727
PC481,0.06075258088402746,6.339044290237137e-05,0.9905980091543751
PC482,0.060537764780394715,6.316629953671195e-05,0.9906611754539119
PC483,0.06012000518843076,6.273040092671115e-05,0.9907239058548386
PC484,0.05982874417806064,6.242649343539321e-05,0.990786332348274
PC485,0.05969711703590308,6.228915107531687e-05,0.9908486214993493
PC486,0.059101158549349775,6.166731621884952e-05,0.9909102888155681
PC487,0.058740020306651056,6.129049744307839e-05,0.9909715793130112
PC488,0.05858415433282332,6.11278638072628e-05,0.9910327071768185
PC489,0.05803755647607865,6.055753280692762e-05,0.9910932647096254
PC490,0.057752718169790294,6.026032689191229e-05,0.9911535250365173
PC491,0.05733584430195626,5.982535246396381e-05,0.9912133503889813
PC492,0.05699437413706635,5.9469055749069704e-05,0.9912728194447303
PC493,0.056413709464757,5.88631787604737e-05,0.9913316826234908
PC494,0.05624075940402086,5.868271925092653e-05,0.9913903653427417
PC495,0.05598608991331577,5.8416992073996654e-05,0.9914487823348157
PC496,0.055500710449630494,5.791053755418851e-05,0.9915066928723699
PC497,0.055166559571112675,5.7561877927268366e-05,0.9915642547502972
PC498,0.055099367473265666,5.7491768365171045e-05,0.9916217465186624
PC499,0.054677892840840826,5.7051993408572464e-05,0.991678798512071
PC500,0.054339587000604275,5.669899841252462e-05,0.9917354975104835
PC501,0.05410749047989984,5.6456824318363266e-05,0.9917919543348018
PC502,0.053291413468206934,5.5605313444900806e-05,0.9918475596482468
PC503,0.05312647590744525,5.5433214336092924e-05,0.9919029928625829
PC504,0.0525450871435963,5.482658181608196e-05,0.991957819444399
PC505,0.05219088605528139,5.4457001404220196e-05,0.9920122764458033
PC506,0.0518760921008925,5.412853917428147e-05,0.9920664049849776
PC507,0.05170128632728028,5.394614337726466e-05,0.9921203511283548
PC508,0.05145247355663252,5.368652721772675e-05,0.9921740376555725
PC509,0.05122348930669773,5.3447600528361195e-05,0.9922274852561009
PC510,0.0507290350000997,5.2931677138208154e-05,0.9922804169332391
PC511,0.05051607404089991,5.270946946689361e-05,0.992333126402706
PC512,0.05011570066570717,5.229171197889102e-05,0.9923854181146848
PC513,0.049765726522446076,5.192654204499063e-05,0.9924373446567298
PC514,0.04953185242981151,5.16825131971661e-05,0.992489027169927
PC515,0.0492302183324912,5.136778222203121e-05,0.9925403949521491
PC516,0.048929768607980144,5.1054287044879676e-05,0.992591449239194
PC517,0.048563489519595646,5.067210420917607e-05,0.9926421213434031
PC518,0.0484479042184095,5.055150022283382e-05,0.992692672843626
PC519,0.04801920388991057,5.010418583222686e-05,0.9927427770294581
PC520,0.047958418474349146,5.004076112897352e-05,0.9927928177905871
PC521,0.04759188417679939,4.9658312002985904e-05,0.9928424761025901
PC522,0.047325526846142926,4.9380389502988116e-05,0.9928918564920931
PC523,0.04670122119529139,4.872897665536806e-05,0.9929405854687485
PC524,0.0465540777760855,4.8575444305336115e-05,0.9929891609130539
PC525,0.046070658392858364,4.807103497219425e-05,0.9930372319480261
PC526,0.04595474159624599,4.795008509697645e-05,0.993085182033123
PC527,0.045824227656282565,4.781390427405786e-05,0.9931329959373971
PC528,0.045557989534695004,4.753610615915723e-05,0.9931805320435563
PC529,0.04519674296581754,4.71591743537115e-05,0.99322769121791
PC530,0.045123718116542665,4.7082978783563626e-05,0.9932747741966935
PC531,0.044846573982667906,4.679380112002285e-05,0.9933215679978136
PC532,0.04471550358322487,4.665703967629183e-05,0.9933682250374899
PC533,0.04420426401638691,4.612360221405564e-05,0.9934143486397039
PC534,0.044077421883865764,4.599125262754926e-05,0.9934603398923314
PC535,0.04388504955568349,4.579052754051281e-05,0.9935061304198719
PC536,0.04290295847414857,4.4765794307404446e-05,0.9935508962141794
PC537,0.04263882878576798,4.449019617335854e-05,0.9935953864103527
PC538,0.042557733538934564,4.4405579790988534e-05,0.9936397919901437
PC539,0.04223506759001649,4.406890376646744e-05,0.9936838608939103
PC540,0.0419967921729619,4.382028248980644e-05,0.9937276811764001
PC541,0.0419460152044926,4.376730079793967e-05,0.993771448477198
PC542,0.04172994608911042,4.354185001507093e-05,0.9938149903272131
PC543,0.041267616390628384,4.305944607556355e-05,0.9938580497732886
PC544,0.04119879014457182,4.298763141094606e-05,0.9939010374046996
PC545,0.04082129424831435,4.259374473634916e-05,0.993943631149436
PC546,0.04048747043726024,4.224542637808101e-05,0.993985876575814
PC547,0.04042425930695397,4.217947063614927e-05,0.9940280560464502
PC548,0.04019452814649215,4.1939764605586554e-05,0.9940699958110557
PC549,0.040111945471413474,4.18535962112052e-05,0.9941118494072669
PC550,0.03971498267009634,4.143939738335137e-05,0.9941532888046503
PC551,0.03952233279775506,4.123838270125727e-05,0.9941945271873515
PC552,0.039361749231090516,4.107082663589208e-05,0.9942355980139873
PC553,0.03914172227523172,4.084124616409329e-05,0.9942764392601514
PC554,0.03894710980742603,4.0638183671125685e-05,0.9943170774438226
PC555,0.03827650149117562,3.993845770784067e-05,0.9943570159015305
PC556,0.03798992834670643,3.9639441628400277e-05,0.9943966553431589
PC557,0.037914529496294154,3.956076897857347e-05,0.9944362161121375
PC558,0.037861723683484075,3.950567035044703e-05,0.994475721782488
PC559,0.03767009282674387,3.930571892935907e-05,0.9945150275014174
PC560,0.037562362725157,3.919331121343758e-05,0.9945542208126309
PC561,0.03732230664138838,3.894283195395476e-05,0.9945931636445848
PC562,0.03710539507070115,3.871650213658024e-05,0.9946318801467214
PC563,0.03679881097714611,3.839660623759983e-05,0.994670276752959
PC564,0.03659038532810864,3.817913079849181e-05,0.9947084558837576
PC565,0.036284856522791176,3.786033600810294e-05,0.9947463162197656
PC566,0.03600880610403353,3.7572299548518835e-05,0.9947838885193141
PC567,0.03556667203486082,3.711096812754452e-05,0.9948209994874416
PC568,0.03543326033275852,3.697176372237253e-05,0.994857971251164
PC569,0.03535475158517816,3.688984614441267e-05,0.9948948610973084
PC570,0.03509747543028418,3.662139912258028e-05,0.9949314824964309
PC571,0.034850597381597404,3.636380169015182e-05,0.9949678462981211
PC572,0.034734535401906325,3.624270032804199e-05,0.9950040889984492
PC573,0.034498305647673845,3.5996213536376284e-05,0.9950400852119855
PC574,0.03443470033918989,3.5929846501147994e-05,0.9950760150584866
PC575,0.03417117361572097,3.5654877512600914e-05,0.9951116699359992
PC576,0.0339739503598498,3.5449090871796516e-05,0.995147119026871
PC577,0.03390180341277206,3.5373811322141795e-05,0.9951824928381932
PC578,0.0337915165600745,3.5258735841609494e-05,0.9952177515740348
PC579,0.03363378360827654,3.5094154164102524e-05,0.9952528457281989
PC580,0.033544296022705145,3.500078104972466e-05,0.9952878465092486
PC581,0.03306752878089907,3.450331269233716e-05,0.995322349821941
PC582,0.032833646124229184,3.4259274908629015e-05,0.9953566090968496
PC583,0.03257064537705559,3.398485473413776e-05,0.9953905939515838
PC584,0.03243271243040219,3.3840932773095825e-05,0.995424434884357
PC585,0.03238323287918439,3.3789304832016343e-05,0.995458224189189
PC586,0.0321389056245476,3.3534368948483894e-05,0.9954917585581374
PC587,0.03186453603138388,3.3248086295524794e-05,0.995525006644433
PC588,0.03180178864915325,3.3182614437495304e-05,0.9955581892588705
PC589,0.03147065093328315,3.2837098803998916e-05,0.9955910263576745
PC590,0.03138925287597916,3.2752166463202686e-05,0.9956237785241377
PC591,0.03109351836033127,3.2443591228115565e-05,0.9956562221153659
PC592,0.030923761164901725,3.2266463217295995e-05,0.9956884885785832
PC593,0.03076750473085277,3.210342216757307e-05,0.9957205920007507
PC594,0.030614333986546238,3.194360078747711e-05,0.9957525356015382
PC595,0.030408594369438453,3.172892800714004e-05,0.9957842645295454
PC596,0.03017304648957375,3.148315269665831e-05,0.995815747682242
PC597,0.03000767063283657,3.131059626117221e-05,0.9958470582785032
PC598,0.029688867010708136,3.097795026471357e-05,0.9958780362287679
PC599,0.02949057553092965,3.077104901798431e-05,0.9959088072777859
PC600,0.029327447911661843,3.06008384378818e-05,0.9959394081162237
PC601,0.029230262781978236,3.0499433553932444e-05,0.9959699075497777
PC602,0.02910925251216566,3.0373169048169342e-05,0.9960002807188258
PC603,0.028858542382460457,3.0111573146713538e-05,0.9960303922919725
PC604,0.028646151496773464,2.988996030136255e-05,0.9960602822522739
PC605,0.028359410980365853,2.9590769582735615e-05,0.9960898730218567
PC606,0.028226007385589166,2.9451573636907313e-05,0.9961193245954936
PC607,0.028101623024619195,2.932178853778426e-05,0.9961486463840313
PC608,0.02793731308879157,2.915034430522966e-05,0.9961777967283366
PC609,0.027710024387028718,2.8913186784317816e-05,0.996206709915121
PC610,0.02755857818738832,2.8755164828190354e-05,0.9962354650799491
PC611,0.027336749860487074,2.85237047702645e-05,0.9962639887847193
PC612,0.02717854944031765,2.8358635327025135e-05,0.9962923474200464
PC613,0.026993605964056658,2.816566165082086e-05,0.9963205130816972
PC614,0.026903172808838898,2.807130191039673e-05,0.9963485843836076
PC615,0.02678691755233619,2.7949998879443968e-05,0.9963765343824871
PC616,0.026691061953796058,2.784998125455112e-05,0.9964043843637417
PC617,0.026636024146370372,2.7792553719155553e-05,0.9964321769174609
PC618,0.02642030399839838,2.7567467055775547e-05,0.9964597443845167
PC619,0.026164022356809227,2.7300057728769416e-05,0.9964870444422455
PC620,0.02600675214805627,2.713595888649588e-05,0.9965141804011319
PC621,0.02587572407868556,2.6999241610798453e-05,0.9965411796427427
PC622,0.025792421963730775,2.6912322538639717e-05,0.9965680919652813
PC623,0.025638964436283874,2.6752201923350444e-05,0.9965948441672047
PC624,0.025408445584639196,2.651167400024876e-05,0.9966213558412049
PC625,0.025066710000957376,2.6155100342144525e-05,0.996647510941547
PC626,0.025013272709573348,2.609934281680082e-05,0.9966736102843639
PC627,0.024832598586716843,2.5910823868268672e-05,0.9966995211082321
PC628,0.024565920864282716,2.5632567065161573e-05,0.9967251536752972
PC629,0.024482628988523176,2.5545658676781405e-05,0.996750699333974
PC630,0.024357070860953022,2.541464884640304e-05,0.9967761139828204
PC631,0.024171507671351677,2.5221028549058623e-05,0.9968013350113695
PC632,0.023856799178073887,2.4892655490931277e-05,0.9968262276668604
PC633,0.02378527136680858,2.481802195981265e-05,0.9968510456888202
PC634,0.02362580204543389,2.4651628519991893e-05,0.9968756973173402
PC635,0.023432171367364488,2.444959044582782e-05,0.996900146907786
PC636,0.023332529950170416,2.434562262297253e-05,0.9969244925304089
PC637,0.023279273072943453,2.4290053345323916e-05,0.9969487825837543
PC638,0.023212471663084988,2.4220351434790857e-05,0.9969730029351891
PC639,0.022928072144438896,2.3923603359468566e-05,0.9969969265385485
PC640,0.02279160247143361,2.3781208207054203e-05,0.9970207077467556
PC641,0.022646587075604633,2.362989627864725e-05,0.9970443376430342
PC642,0.022601401631110775,2.3582748893342354e-05,0.9970679203919276
PC643,0.022351528516664422,2.332202635014068e-05,0.9970912424182777
PC644,0.02232652680051989,2.329593906567211e-05,0.9971145383573434
PC645,0.022223169708808707,2.318809423463226e-05,0.997137726451578
PC646,0.021986369649140806,2.2941012375010345e-05,0.997160667463953
PC647,0.021949812870061893,2.2902868309636068e-05,0.9971835703322627
PC648,0.02167213194099362,2.2613130543387398e-05,0.9972061834628061
PC649,0.021625204928075258,2.2564165971188252e-05,0.9972287476287773
PC650,0.021479558845439745,2.24121959717098e-05,0.997251159824749
PC651,0.021418247714251694,2.234822272638751e-05,0.9972735080474754
PC652,0.021297763346133685,2.222250695684033e-05,0.9972957305544322
PC653,0.021103068509357156,2.2019358518461575e-05,0.9973177499129506
PC654,0.020967175947745286,2.187756553547443e-05,0.9973396274784861
PC655,0.02089420772910636,2.1801429054850693e-05,0.997361428907541
PC656,0.02066396041413129,2.1561184458473573e-05,0.9973829900919995
PC657,0.020608244012105897,2.1503048864068815e-05,0.9974044931408635
PC658,0.020479900495322206,2.1369132703566978e-05,0.9974258622735671
PC659,0.02035486265087442,2.123866574687532e-05,0.997447100939314
PC660,0.020194799934137374,2.1071653146612508e-05,0.9974681725924606
PC661,0.02010823951556608,2.0981334296101063e-05,0.9974891539267566
PC662,0.020004731608839046,2.0873332101694714e-05,0.9975100272588583
PC663,0.019795123603105372,2.065462296825552e-05,0.9975306818818266
PC664,0.01970693487523661,2.0562605107660113e-05,0.9975512444869342
PC665,0.01953426173594821,2.038243454342138e-05,0.9975716269214776
PC666,0.019406394928637532,2.0249015790999834e-05,0.9975918759372686
PC667,0.019317926831164317,2.0156706430640928e-05,0.9976120326436992
PC668,0.019266099491005006,2.010262876020546e-05,0.9976321352724594
PC669,0.01916582929663447,1.99980048588244e-05,0.9976521332773183
PC670,0.019033607038402185,1.9860041542880734e-05,0.9976719933188611
PC671,0.01886349652437365,1.9682544872456086e-05,0.9976916758637336
PC672,0.01879844309642889,1.961466684077859e-05,0.9977112905305744
PC673,0.018598181711879273,1.9405710156500837e-05,0.9977306962407309
PC674,0.018434353384350628,1.9234768443558303e-05,0.9977499310091744
PC675,0.01837751836620448,1.9175465662997815e-05,0.9977691064748374
PC676,0.018281894519501372,1.9075689852549372e-05,0.99778818216469
PC677,0.018147484352633966,1.893544362951942e-05,0.9978071176083195
PC678,0.01811231426972112,1.8898746470315368e-05,0.9978260163547898
PC679,0.017962673323018114,1.874260815076082e-05,0.9978447589629406
PC680,0.017912767760199247,1.8690535700762042e-05,0.9978634494986414
PC681,0.017758636441376985,1.8529712038242734e-05,0.9978819792106796
PC682,0.017543374696124717,1.8305103681315034e-05,0.9979002843143608
PC683,0.017481942363716273,1.8241003972245374e-05,0.9979185253183331
PC684,0.017428085247298015,1.8184808393168412e-05,0.9979367101267264
PC685,0.01719314537295312,1.7939667487655608e-05,0.997954649794214
PC686,0.017087480419126232,1.7829414587698463e-05,0.9979724792088017
PC687,0.01696707753618027,1.770378384138932e-05,0.9979901829926431
PC688,0.01691193518344939,1.7646247221357294e-05,0.9980078292398644
PC689,0.01678797137590448,1.751690093598488e-05,0.9980253461408004
PC690,0.01667323813385563,1.739718600497668e-05,0.9980427433268054
PC691,0.01658623807677776,1.7306408426963565e-05,0.9980600497352324
PC692,0.01633714963916925,1.7046504631073726e-05,0.9980770962398635
PC693,0.016283099131944753,1.6990107264209605e-05,0.9980940863471277
PC694,0.01614297142102423,1.6843895242779534e-05,0.9981109302423705
PC695,0.01607941840954632,1.677758277528034e-05,0.9981277078251458
PC696,0.015991234069274878,1.6685569492790647e-05,0.9981443933946386
PC697,0.015974046133910094,1.6667635261528424e-05,0.9981610610299001
PC698,0.015871012965559667,1.6560128418521443e-05,0.9981776211583187
PC699,0.015717354319057533,1.639979795163736e-05,0.9981940209562703
PC700,0.015678967547948473,1.635974443643213e-05,0.9982103807007068
PC701,0.015594276485428545,1.6271376108948907e-05,0.9982266520768157
PC702,0.015458938682290244,1.613016197191088e-05,0.9982427822387876
PC703,0.015358010350252062,1.602485135668762e-05,0.9982588070901443
PC704,0.015295395441591291,1.595951772419759e-05,0.9982747666078684
PC705,0.015215625602250477,1.5876284298185317e-05,0.9982906428921666
PC706,0.015144732624845768,1.5802313165256316e-05,0.9983064452053318
PC707,0.014946899730448996,1.55958904155725e-05,0.9983220410957474
PC708,0.014918906396971592,1.5566681618487255e-05,0.9983376077773659
PC709,0.014807165863107912,1.5450089338312565e-05,0.9983530578667043
PC710,0.014674069993635915,1.5311214479145483e-05,0.9983683690811834
PC711,0.014574701858091395,1.52075318037613e-05,0.9983835766129872
PC712,0.014428628156268814,1.505511561797656e-05,0.9983986317286051
PC713,0.014381813367242839,1.5006268142403421e-05,0.9984136379967475
PC714,0.014277422047934654,1.4897344177860403e-05,0.9984285353409253
PC715,0.014156932583565703,1.4771623090784324e-05,0.9984433069640162
PC716,0.014100183588495307,1.4712410068400239e-05,0.9984580193740846
PC717,0.013985655068048027,1.4592908747954852e-05,0.9984726122828326
PC718,0.013863590307038128,1.4465543965247754e-05,0.9984870778267978
PC719,0.013715960875815395,1.431150450067754e-05,0.9985013893312985
PC720,0.013623251031496343,1.4214769217875099e-05,0.9985156041005164
PC721,0.01355403663767411,1.414254955221207e-05,0.9985297466500687
PC722,0.013490953513778913,1.4076727374698078e-05,0.9985438233774434
PC723,0.013341869867425625,1.3921170553336434e-05,0.9985577445479967
PC724,0.013319952313884836,1.389830134504816e-05,0.9985716428493417
PC725,0.013181266145573517,1.375359345765043e-05,0.9985853964427994
PC726,0.013092512876207033,1.3660986543305264e-05,0.9985990574293427
PC727,0.013035288390509487,1.3601277384608739e-05,0.9986126587067273
PC728,0.01298074112397983,1.3544361689273437e-05,0.9986262030684167
PC729,0.012935654989028333,1.3497317925506638e-05,0.9986397003863422
PC730,0.012783531590507952,1.3338589366691515e-05,0.9986530389757089
PC731,0.012633852504358223,1.3182411251684913e-05,0.9986662213869606
PC732,0.012592830880656731,1.3139608479240134e-05,0.9986793609954399
PC733,0.012478856310340172,1.3020685161302976e-05,0.9986923816806011
PC734,0.01243761596667381,1.2977654172126612e-05,0.9987053593347732
PC735,0.01231687463314644,1.2851670279795627e-05,0.998718211005053
PC736,0.0122717675170684,1.2804604623906966e-05,0.9987310156096769
PC737,0.01222969712374676,1.276070754452483e-05,0.9987437763172214
PC738,0.012111728513688393,1.2637616766629284e-05,0.9987564139339881
PC739,0.01207383409506657,1.2598076981734372e-05,0.9987690120109698
PC740,0.0119859270434974,1.2506353027753738e-05,0.9987815183639975
PC741,0.011864282093852742,1.2379426284517405e-05,0.998793897790282
PC742,0.011737051762589611,1.2246671643775785e-05,0.9988061444619258
PC743,0.01166494344335228,1.2171432399172734e-05,0.998818315894325
PC744,0.011578977080387177,1.2081733398014799e-05,0.9988303976277231
PC745,0.01150732343304127,1.200696856704411e-05,0.9988424045962901
PC746,0.011335425396640522,1.1827606760468479e-05,0.9988542322030506
PC747,0.011308171000524418,1.1799168985221785e-05,0.9988660313720358
PC748,0.011242900040797055,1.1731063976585548e-05,0.9988777624360123
PC749,0.01120089918334596,1.1687239452304239e-05,0.9988894496754647
PC750,0.011142736875910875,1.1626551751882556e-05,0.9989010762272166
PC751,0.011038480784950176,1.1517768887268385e-05,0.9989125939961039
PC752,0.01095108854494636,1.1426582097843794e-05,0.9989240205782017
PC753,0.010928813618478124,1.1403339999584057e-05,0.9989354239182013
PC754,0.010828224899115795,1.1298383742934936e-05,0.9989467223019443
PC755,0.010756068465269358,1.1223094294598367e-05,0.9989579453962388
PC756,0.010704745273090318,1.1169542662123634e-05,0.998969114938901
PC757,0.01060682585212019,1.106737160414193e-05,0.9989801823105051
PC758,0.01046138361578291,1.0915614301917499e-05,0.998991097924807
PC759,0.010431448505774236,1.0884379416844823e-05,0.9990019823042239
PC760,0.010371099404113392,1.0821409972133595e-05,0.999012803714196
PC761,0.010269825782496174,1.0715739074943276e-05,0.999023519453271
PC762,0.010199519408727428,1.0642380015834856e-05,0.9990341618332867
PC763,0.010084513790614558,1.052238088226138e-05,0.999044684214169
PC764,0.01005620068982609,1.0492838433647607e-05,0.9990551770526027
PC765,0.009971945686852078,1.0404925099307807e-05,0.999065581977702
PC766,0.009960755288975871,1.0393248817126798e-05,0.9990759752265191
PC767,0.009943482761124355,1.0375226320393016e-05,0.9990863504528396
PC768,0.009902035831383852,1.0331979775226328e-05,0.9990966824326147
PC769,0.009749835222619277,1.0173170653717327e-05,0.9991068556032685
PC770,0.009664706678784652,1.0084345849589055e-05,0.9991169399491181
PC771,0.009606859523342203,1.002398698498149e-05,0.9991269639361031
PC772,0.00953557527775434,9.949607595101708e-06,0.9991369135436983
PC773,0.00946815116800457,9.879255947202256e-06,0.9991467927996455
PC774,0.009437959379339077,9.84775323854904e-06,0.999156640552884
PC775,0.009351340509094782,9.757373398407427e-06,0.9991663979262824
PC776,0.00928334737566044,9.686428019955921e-06,0.9991760843543023
PC777,0.009188157290676811,9.58710480505341e-06,0.9991856714591073
PC778,0.009126050930060301,9.522301801637795e-06,0.9991951937609089
PC779,0.008982562156083262,9.372582780625567e-06,0.9992045663436896
PC780,0.008922886438042791,9.310315957684765e-06,0.9992138766596472
PC781,0.008821426306048782,9.20445045188328e-06,0.9992230811100992
PC782,0.008792207692445087,9.173963173312066e-06,0.9992322550732725
PC783,0.008711998220375446,9.090271025826745e-06,0.9992413453442983
PC784,0.008645171473755462,9.020542678416256e-06,0.9992503658869767
PC785,0.008638850596685487,9.013947350429088e-06,0.9992593798343271
PC786,0.008519681631982022,8.889604098786986e-06,0.999268269438426
PC787,0.008445379389076363,8.81207567089319e-06,0.9992770815140969
PC788,0.008339482960627602,8.701581245743409e-06,0.9992857830953427
PC789,0.008311470320319082,8.672352303529222e-06,0.9992944554476462
PC790,0.008257561631177471,8.616102912454029e-06,0.9993030715505586
PC791,0.008204001113322952,8.560216810176999e-06,0.9993116317673688
PC792,0.008153682312355364,8.507713179331412e-06,0.9993201394805481
PC793,0.008113640602830171,8.46593286869382e-06,0.9993286054134168
PC794,0.008056809852087598,8.406634540826515e-06,0.9993370120479577
PC795,0.007981722192023599,8.328286593155851e-06,0.9993453403345508
PC796,0.007964174759490447,8.30997725544723e-06,0.9993536503118062
PC797,0.007883057562222852,8.225337969560632e-06,0.9993618756497757
PC798,0.0078211581028289,8.160750850967427e-06,0.9993700364006267
PC799,0.00767551166903848,8.008780485087004e-06,0.9993780451811118
PC800,0.007655727977238943,7.988137790288396e-06,0.9993860333189021
PC801,0.0076082146566396275,7.938561453073975e-06,0.9993939718803552
PC802,0.007493591042333526,7.818960909817965e-06,0.999401790841265
PC803,0.0074305670366521795,7.753200417416028e-06,0.9994095440416825
PC804,0.007400782672930382,7.722122823996677e-06,0.9994172661645064
PC805,0.00732220839437489,7.64013686972298e-06,0.9994249063013761
PC806,0.007301330405380998,7.618352363616811e-06,0.9994325246537398
PC807,0.007236550234105965,7.550759453345974e-06,0.9994400754131931
PC808,0.00712955829293133,7.439121948579033e-06,0.9994475145351417
PC809,0.007046551232314762,7.352510741944821e-06,0.9994548670458836
PC810,0.0070031471501994106,7.3072220653318014e-06,0.9994621742679489
PC811,0.006942506575259593,7.243948491644002e-06,0.9994694182164405
PC812,0.006901700556738347,7.201370685903008e-06,0.9994766195871264
PC813,0.006843310663558671,7.140445518020059e-06,0.9994837600326444
PC814,0.00679200077149164,7.086907763144906e-06,0.9994908469404076
PC815,0.006713259324499589,7.0047473820225296e-06,0.9994978516877896
PC816,0.006641979309512654,6.9303724064353205e-06,0.999504782060196
PC817,0.006630565949518815,6.918463481176742e-06,0.9995117005236772
PC818,0.00659735981456615,6.883815544066982e-06,0.9995185843392212
PC819,0.006510837157717301,6.79353609488262e-06,0.9995253778753161
PC820,0.0064873495004411225,6.769028609343556e-06,0.9995321469039254
PC821,0.006413974021645075,6.692467185427525e-06,0.9995388393711109
PC822,0.00636890543371465,6.64544173056911e-06,0.9995454848128414
PC823,0.006304820192031513,6.578573923560969e-06,0.999552063386765
PC824,0.006290141525021101,6.563257912463718e-06,0.9995586266446775
PC825,0.006198311967581207,6.467441138378749e-06,0.999565094085816
PC826,0.006145833577222804,6.412684149305758e-06,0.9995715067699653
PC827,0.006091188567862036,6.35566646716982e-06,0.9995778624364324
PC828,0.0059713454699423475,6.230619811614178e-06,0.9995840930562441
PC829,0.00594262982317221,6.200657338571889e-06,0.9995902937135827
PC830,0.005883608192482268,6.139073003292411e-06,0.9995964327865859
PC831,0.005862443179300755,6.116989010479467e-06,0.9996025497755964
PC832,0.005799672712370109,6.051493065418005e-06,0.9996086012686618
PC833,0.005777133930369237,6.02797565508374e-06,0.9996146292443169
PC834,0.005715761713246671,5.963938671490788e-06,0.9996205931829883
PC835,0.0056556030420933006,5.901167925732514e-06,0.9996264943509141
PC836,0.005620968827673979,5.86502990229928e-06,0.9996323593808164
PC837,0.005531179999199844,5.771342465126435e-06,0.9996381307232816
PC838,0.005506707011123062,5.745806865967395e-06,0.9996438765301475
PC839,0.005493236686606337,5.731751663295695e-06,0.9996496082818108
PC840,0.005403570995555082,5.63819271014214e-06,0.999655246474521
PC841,0.005368996867923756,5.602117382450357e-06,0.9996608485919034
PC842,0.005318314637672394,5.549234542311487e-06,0.9996663978264457
PC843,0.005286579076108941,5.5161210305233536e-06,0.9996719139474762
PC844,0.005261322656344776,5.489767983267059e-06,0.9996774037154595
PC845,0.005175338700579144,5.400050625433553e-06,0.999682803766085
PC846,0.005126504352462843,5.349095902014473e-06,0.999688152861987
PC847,0.005113790616417089,5.3358301386978066e-06,0.9996934886921257
PC848,0.005053052021739791,5.2724542892797974e-06,0.999698761146415
PC849,0.005003907692640264,5.221176125579957e-06,0.9997039823225405
PC850,0.004971757944006522,5.1876304428215044e-06,0.9997091699529833
PC851,0.004912098499477066,5.125380599983536e-06,0.9997142953335832
PC852,0.004860057018728071,5.071079491027006e-06,0.9997193664130742
PC853,0.004817896050308482,5.027087903798597e-06,0.9997243935009781
PC854,0.004762209059302079,4.968982997431988e-06,0.9997293624839755
PC855,0.004737245876672482,4.942935919594033e-06,0.999734305419895
PC856,0.00471808564327641,4.922943753608387e-06,0.9997392283636487
PC857,0.004663167032379396,4.86564059022525e-06,0.9997440940042389
PC858,0.0045508318524404455,4.748427844589947e-06,0.9997488424320835
PC859,0.004519233067114186,4.715457047829358e-06,0.9997535578891313
PC860,0.004445323122194837,4.638337951403296e-06,0.9997581962270827
PC861,0.004410076669621673,4.601561106587182e-06,0.9997627977881893
PC862,0.004375604718205932,4.565592391576964e-06,0.9997673633805809
PC863,0.0043077884971440255,4.494831606989298e-06,0.999771858212188
PC864,0.00427177277131249,4.457252087260423e-06,0.9997763154642753
PC865,0.004219418705141994,4.402624820500793e-06,0.9997807180890957
PC866,0.004134756248397692,4.314286340848891e-06,0.9997850323754366
PC867,0.0040933899129498375,4.271123889359081e-06,0.9997893034993259
PC868,0.004050734823579358,4.22661672657045e-06,0.9997935301160525
PC869,0.004004022653563085,4.1778763256990045e-06,0.9997977079923782
PC870,0.003952169783935598,4.123772017312173e-06,0.9998018317643955
PC871,0.003928275903338684,4.098840670336378e-06,0.9998059306050658
PC872,0.0038264528866067894,3.9925965234315445e-06,0.9998099232015892
PC873,0.003811768121338868,3.977274149291952e-06,0.9998139004757385
PC874,0.0037582760596464085,3.921459475526587e-06,0.999817821935214
PC875,0.003729717966598562,3.891661397150198e-06,0.9998217135966111
PC876,0.0036881705166097634,3.848309967170925e-06,0.9998255619065782
PC877,0.0036617884141173307,3.820782360321044e-06,0.9998293826889385
PC878,0.0035887535492066663,3.7445763396609567e-06,0.9998331272652782
PC879,0.0035358116306148475,3.6893356960734342e-06,0.9998368166009742
PC880,0.003514496391202873,3.6670949542443014e-06,0.9998404836959285
PC881,0.0034660351130459174,3.616529499389822e-06,0.9998441002254279
PC882,0.003416557467409623,3.5649035466317243e-06,0.9998476651289745
PC883,0.0034005109947853706,3.5481603401395774e-06,0.9998512132893146
PC884,0.003355858996093631,3.501569562721434e-06,0.9998547148588773
PC885,0.0033277365790781058,3.4722260773228077e-06,0.9998581870849547
PC886,0.003286651719409606,3.429357323220993e-06,0.9998616164422779
PC887,0.00325329965498399,3.3945571204167025e-06,0.9998650109993983
PC888,0.003217244177978434,3.356936123527674e-06,0.9998683679355218
PC889,0.003158170581290886,3.2952975658998408e-06,0.9998716632330877
PC890,0.0031207492712070125,3.2562514317984435e-06,0.9998749194845196
PC891,0.003091109269490435,3.2253244685468314e-06,0.9998781448089881
PC892,0.003068118085099203,3.2013350126224423e-06,0.9998813461440007
PC893,0.003021525525038661,3.1527194151413877e-06,0.9998844988634158
PC894,0.002996883956582004,3.1270079158841223e-06,0.9998876258713317
PC895,0.0029634161550434537,3.092086950690113e-06,0.9998907179582824
PC896,0.002915166198074715,3.0417419925375147e-06,0.9998937597002749
PC897,0.0028875151077433917,3.0128902987110077e-06,0.9998967725905736
PC898,0.0028494498263214457,2.9731722321955e-06,0.9998997457628058
PC899,0.0027759794841103933,2.8965118259184744e-06,0.9999026422746318
PC900,0.002754592468960103,2.8741961918662417e-06,0.9999055164708236
PC901,0.0026763474341712314,2.792553777041984e-06,0.9999083090246006
PC902,0.002633643849341084,2.7479960131328347e-06,0.9999110570206138
PC903,0.0026113325105515455,2.7247159215378197e-06,0.9999137817365353
PC904,0.0025573132531287457,2.6683511613340473e-06,0.9999164500876967
PC905,0.0025381235331246262,2.6483282284391345e-06,0.9999190984159252
PC906,0.0025118567257107777,2.620920922751601e-06,0.9999217193368479
PC907,0.0024924396799795153,2.6006607937027637e-06,0.9999243199976416
PC908,0.0024434553764188733,2.549549603811082e-06,0.9999268695472454
PC909,0.0023606927966866383,2.4631934933606607e-06,0.9999293327407388
PC910,0.002327825710605147,2.428899326540106e-06,0.9999317616400654
PC911,0.0023124983898408966,2.4129064973036448e-06,0.9999341745465626
PC912,0.0023064242479742337,2.4065686177012187e-06,0.9999365811151804
PC913,0.0022502140772198854,2.3479178152515594e-06,0.9999389290329956
PC914,0.002225752370453099,2.3223939872342015e-06,0.9999412514269829
PC915,0.0021744413861349053,2.2688550926826113e-06,0.9999435202820756
PC916,0.0021370051525215717,2.2297933870758e-06,0.9999457500754626
PC917,0.002102444054405713,2.1937316546378193e-06,0.9999479438071173
PC918,0.002059104163993617,2.148509956915915e-06,0.9999500923170742
PC919,0.0020284432280528427,2.116517730728897e-06,0.999952208834805
PC920,0.001966109890003048,2.0514778945760504e-06,0.9999542603126995
PC921,0.0019569536543638587,2.0419240974526874e-06,0.999956302236797
PC922,0.0019294623312080996,2.013239107852946e-06,0.9999583154759049
PC923,0.0018777560663169506,1.959287769743802e-06,0.9999602747636746
PC924,0.0018734052099589266,1.954748000280078e-06,0.9999622295116748
PC925,0.001833405906696315,1.913011937174488e-06,0.999964142523612
PC926,0.0018000054089454618,1.8781611980819718e-06,0.9999660206848101
PC927,0.0017267348863807994,1.801709287570903e-06,0.9999678223940976
PC928,0.0017040110445271399,1.7779987821308674e-06,0.9999696003928797
PC929,0.0016561564338558282,1.7280663361140342e-06,0.9999713284592159
PC930,0.001626570347211314,1.6971956289135643e-06,0.9999730256548448
PC931,0.0015860591759543148,1.6549254726320199e-06,0.9999746805803175
PC932,0.0015765016860573408,1.6449529988903586e-06,0.9999763255333164
PC933,0.0015106823219673557,1.576275774309871e-06,0.9999779018090907
PC934,0.0014645260469455057,1.5281154052558547e-06,0.999979429924496
PC935,0.0014184725514617496,1.480062278402026e-06,0.9999809099867744
PC936,0.0013603789438400593,1.4194462607226237e-06,0.9999823294330351
PC937,0.0013276767424029521,1.3853241377968832e-06,0.999983714757173
PC938,0.0012938025281179644,1.3499791135156223e-06,0.9999850647362865
PC939,0.0012439136199509304,1.2979240413095382e-06,0.9999863626603278
PC940,0.0012031098208481756,1.2553485513536366e-06,0.9999876180088791
PC941,0.0011584701656023365,1.2087706533307582e-06,0.9999888267795325
PC942,0.0011111014356922518,1.15934518489749e-06,0.9999899861247173
PC943,0.0010926055442573156,1.1400462064364278e-06,0.9999911261709238
PC944,0.0010683690793097725,1.1147574001823304e-06,0.999992240928324
PC945,0.0010199445658718943,1.0642303063619265e-06,0.9999933051586303
PC946,0.0008999691956938473,9.390456353192206e-07,0.9999942442042656
PC947,0.0008776333917471058,9.157400162959352e-07,0.9999951599442819
PC948,0.0008355567362665517,8.718364028534967e-07,0.9999960317806847
PC949,0.0007685604542530872,8.019311588647224e-07,0.9999968337118436
PC950,0.0006108223001853284,6.373440532066877e-07,0.9999974710558968
PC951,0.0005009091876765605,5.226585405696306e-07,0.9999979937144373
PC952,0.0004205323241275564,4.387917335083621e-07,0.9999984325061708
PC953,0.0003589053130421021,3.7448889286174556e-07,0.9999988069950637
PC954,0.0003499100359117935,3.651030430258623e-07,0.9999991720981067
PC955,0.0002845034689371676,2.968565391092654e-07,0.9999994689546459
PC956,0.00026764153156006446,2.792624605866254e-07,0.9999997482171065
PC957,0.0002197077316394712,2.2924738694291574e-07,0.9999999774644934
PC958,2.159773830045446e-05,2.2535506749397486e-08,1.0000000000000002
