row_labels,HAC_ward_eucl,HAC_average_cosi,AUC_index
Neuron_0000,91,321,403
Neuron_0001,178,59,823
Neuron_0002,860,476,102
Neuron_0003,112,94,121
Neuron_0004,50,102,794
Neuron_0005,655,874,773
Neuron_0006,711,657,851
Neuron_0007,749,620,155
Neuron_0008,422,311,650
Neuron_0009,229,378,314
Neuron_0010,235,804,476
Neuron_0011,948,642,666
Neuron_0012,447,711,604
Neuron_0013,49,101,678
Neuron_0014,448,712,311
Neuron_0015,826,928,715
Neuron_0016,236,805,429
Neuron_0017,774,788,693
Neuron_0018,446,735,364
Neuron_0019,657,806,574
Neuron_0020,424,571,524
Neuron_0021,423,312,667
Neuron_0022,230,379,467
Neuron_0023,949,643,551
Neuron_0024,878,713,542
Neuron_0025,113,95,306
Neuron_0026,886,799,570
Neuron_0027,780,787,279
Neuron_0028,122,456,376
Neuron_0029,703,651,842
Neuron_0030,251,381,770
Neuron_0031,54,47,143
Neuron_0032,196,768,477
Neuron_0033,319,174,227
Neuron_0034,591,407,449
Neuron_0035,190,181,541
Neuron_0036,282,105,854
Neuron_0037,632,882,646
Neuron_0038,192,294,529
Neuron_0039,123,455,484
Neuron_0040,131,295,297
Neuron_0041,440,708,397
Neuron_0042,405,195,624
Neuron_0043,191,182,692
Neuron_0044,189,183,349
Neuron_0045,659,827,847
Neuron_0046,594,413,57
Neuron_0047,320,175,333
Neuron_0048,654,905,857
Neuron_0049,399,738,705
Neuron_0050,587,579,362
Neuron_0051,455,457,389
Neuron_0052,257,172,325
Neuron_0053,453,862,807
Neuron_0054,626,880,655
Neuron_0055,707,656,299
Neuron_0056,426,730,804
Neuron_0057,232,715,530
Neuron_0058,397,736,783
Neuron_0059,252,382,539
Neuron_0060,258,729,377
Neuron_0061,585,406,192
Neuron_0062,231,714,355
Neuron_0063,820,929,849
Neuron_0064,398,737,512
Neuron_0065,821,930,606
Neuron_0066,441,709,247
Neuron_0067,442,710,140
Neuron_0068,589,405,626
Neuron_0069,595,414,81
Neuron_0070,588,577,129
Neuron_0071,656,875,672
Neuron_0072,233,716,480
Neuron_0073,406,391,502
Neuron_0074,51,103,898
Neuron_0075,890,826,658
Neuron_0076,891,828,584
Neuron_0077,560,410,187
Neuron_0078,283,106,785
Neuron_0079,318,173,141
Neuron_0080,425,572,608
Neuron_0081,592,408,233
Neuron_0082,427,731,731
Neuron_0083,454,863,676
Neuron_0084,775,184,694
Neuron_0085,582,51,128
Neuron_0086,8,9,571
Neuron_0087,2,5,924
Neuron_0088,593,415,123
Neuron_0089,727,316,718
Neuron_0090,114,383,411
Neuron_0091,729,313,872
Neuron_0092,41,79,430
Neuron_0093,583,52,388
Neuron_0094,137,649,472
Neuron_0095,136,698,456
Neuron_0096,712,315,786
Neuron_0097,750,578,675
Neuron_0098,92,639,423
Neuron_0099,786,901,405
Neuron_0100,704,650,457
Neuron_0101,245,699,289
Neuron_0102,767,779,309
Neuron_0103,290,223,668
Neuron_0104,134,777,249
Neuron_0105,952,700,359
Neuron_0106,561,411,178
Neuron_0107,785,919,620
Neuron_0108,756,384,682
Neuron_0109,562,412,130
Neuron_0110,788,917,756
Neuron_0111,665,908,368
Neuron_0112,6,7,284
Neuron_0113,787,830,214
Neuron_0114,942,776,497
Neuron_0115,7,8,581
Neuron_0116,663,906,367
Neuron_0117,661,910,303
Neuron_0118,666,911,415
Neuron_0119,292,220,797
Neuron_0120,664,907,450
Neuron_0121,662,909,499
Neuron_0122,294,218,341
Neuron_0123,768,780,185
Neuron_0124,295,219,468
Neuron_0125,400,739,578
Neuron_0126,757,385,267
Neuron_0127,953,701,481
Neuron_0128,304,215,903
Neuron_0129,584,53,432
Neuron_0130,4,2,935
Neuron_0131,818,214,448
Neuron_0132,9,10,643
Neuron_0133,660,920,496
Neuron_0134,293,221,820
Neuron_0135,882,778,605
Neuron_0136,559,409,188
Neuron_0137,827,932,492
Neuron_0138,339,217,737
Neuron_0139,3,6,912
Neuron_0140,115,196,506
Neuron_0141,728,317,844
Neuron_0142,586,416,112
Neuron_0143,769,781,180
Neuron_0144,1,4,925
Neuron_0145,789,918,882
Neuron_0146,5,3,921
Neuron_0147,264,20,919
Neuron_0148,269,24,733
Neuron_0149,675,902,572
Neuron_0150,272,569,276
Neuron_0151,311,161,527
Neuron_0152,702,652,716
Neuron_0153,699,654,538
Neuron_0154,312,162,439
Neuron_0155,883,864,503
Neuron_0156,957,653,418
Neuron_0157,956,647,417
Neuron_0158,671,645,593
Neuron_0159,673,903,647
Neuron_0160,633,883,707
Neuron_0161,819,866,550
Neuron_0162,271,22,772
Neuron_0163,652,867,573
Neuron_0164,265,21,909
Neuron_0165,270,25,888
Neuron_0166,263,19,845
Neuron_0167,313,163,344
Neuron_0168,273,570,517
Neuron_0169,676,904,460
Neuron_0170,672,648,536
Neuron_0171,266,17,486
Neuron_0172,142,131,654
Neuron_0173,884,865,365
Neuron_0174,268,23,708
Neuron_0175,267,18,900
Neuron_0176,776,921,540
Neuron_0177,138,899,637
Neuron_0178,127,104,717
Neuron_0179,42,144,410
Neuron_0180,674,900,353
Neuron_0181,644,940,422
Neuron_0182,777,937,780
Neuron_0183,658,938,875
Neuron_0184,958,646,360
Neuron_0185,645,941,357
Neuron_0186,20,14,661
Neuron_0187,18,12,752
Neuron_0188,667,658,799
Neuron_0189,19,13,825
Neuron_0190,506,392,250
Neuron_0191,811,766,552
Neuron_0192,508,386,152
Neuron_0193,329,60,531
Neuron_0194,502,394,285
Neuron_0195,685,894,843
Neuron_0196,639,568,316
Neuron_0197,629,887,553
Neuron_0198,608,836,892
Neuron_0199,642,912,790
Neuron_0200,823,789,293
Neuron_0201,503,395,242
Neuron_0202,641,935,727
Neuron_0203,435,454,607
Neuron_0204,507,393,300
Neuron_0205,815,767,722
Neuron_0206,812,765,746
Neuron_0207,504,396,219
Neuron_0208,649,914,748
Neuron_0209,606,834,850
Neuron_0210,179,85,689
Neuron_0211,183,718,673
Neuron_0212,135,600,685
Neuron_0213,119,365,177
Neuron_0214,118,364,767
Neuron_0215,743,621,858
Neuron_0216,306,428,761
Neuron_0217,895,721,487
Neuron_0218,199,203,918
Neuron_0219,377,426,792
Neuron_0220,361,719,622
Neuron_0221,436,585,483
Neuron_0222,781,754,380
Neuron_0223,307,429,902
Neuron_0224,372,434,695
Neuron_0225,184,717,366
Neuron_0226,950,637,463
Neuron_0227,371,433,779
Neuron_0228,437,586,334
Neuron_0229,355,373,256
Neuron_0230,951,638,358
Neuron_0231,362,720,407
Neuron_0232,509,387,79
Neuron_0233,816,859,732
Neuron_0234,817,858,340
Neuron_0235,308,430,886
Neuron_0236,360,722,321
Neuron_0237,180,86,601
Neuron_0238,373,435,709
Neuron_0239,120,366,171
Neuron_0240,369,431,641
Neuron_0241,340,222,254
Neuron_0242,643,838,846
Neuron_0243,370,432,442
Neuron_0244,129,255,134
Neuron_0245,128,587,631
Neuron_0246,563,376,522
Neuron_0247,367,684,649
Neuron_0248,182,298,914
Neuron_0249,332,757,495
Neuron_0250,590,580,547
Neuron_0251,888,687,199
Neuron_0252,744,622,393
Neuron_0253,828,758,742
Neuron_0254,333,760,614
Neuron_0255,193,762,595
Neuron_0256,356,374,526
Neuron_0257,793,817,579
Neuron_0258,366,683,592
Neuron_0259,847,763,700
Neuron_0260,813,819,361
Neuron_0261,792,816,245
Neuron_0262,904,727,653
Neuron_0263,794,818,577
Neuron_0264,357,375,563
Neuron_0265,814,820,461
Neuron_0266,848,764,556
Neuron_0267,368,685,824
Neuron_0268,829,759,758
Neuron_0269,905,728,911
Neuron_0270,669,661,615
Neuron_0271,457,588,428
Neuron_0272,670,662,868
Neuron_0273,74,248,43
Neuron_0274,202,49,59
Neuron_0275,55,74,154
Neuron_0276,72,246,137
Neuron_0277,56,75,800
Neuron_0278,132,417,791
Neuron_0279,557,349,78
Neuron_0280,297,209,652
Neuron_0281,201,48,39
Neuron_0282,358,573,691
Neuron_0283,558,348,90
Neuron_0284,227,371,266
Neuron_0285,359,574,588
Neuron_0286,274,121,515
Neuron_0287,796,668,374
Neuron_0288,923,672,690
Neuron_0289,835,752,548
Neuron_0290,459,592,338
Neuron_0291,73,247,150
Neuron_0292,70,244,196
Neuron_0293,899,791,565
Neuron_0294,832,750,699
Neuron_0295,239,438,396
Neuron_0296,71,245,489
Neuron_0297,228,368,830
Neuron_0298,57,76,836
Neuron_0299,901,665,648
Neuron_0300,460,593,257
Neuron_0301,836,753,671
Neuron_0302,797,669,350
Neuron_0303,458,589,488
Neuron_0304,69,243,296
Neuron_0305,946,667,664
Neuron_0306,364,724,437
Neuron_0307,224,369,138
Neuron_0308,107,296,392
Neuron_0309,902,666,383
Neuron_0310,305,216,894
Neuron_0311,924,673,801
Neuron_0312,889,688,225
Neuron_0313,894,590,501
Neuron_0314,903,726,759
Neuron_0315,833,751,749
Neuron_0316,921,670,852
Neuron_0317,296,210,696
Neuron_0318,571,771,310
Neuron_0319,834,747,665
Neuron_0320,556,350,176
Neuron_0321,922,671,726
Neuron_0322,845,772,576
Neuron_0323,783,829,723
Neuron_0324,96,581,510
Neuron_0325,204,197,803
Neuron_0326,205,575,369
Neuron_0327,830,372,632
Neuron_0328,237,439,610
Neuron_0329,298,748,569
Neuron_0330,431,576,280
Neuron_0331,831,761,710
Neuron_0332,846,773,329
Neuron_0333,900,792,582
Neuron_0334,365,725,387
Neuron_0335,461,591,347
Neuron_0336,299,749,613
Neuron_0337,730,314,853
Neuron_0338,203,50,68
Neuron_0339,31,132,884
Neuron_0340,75,249,216
Neuron_0341,363,723,568
Neuron_0342,225,370,599
Neuron_0343,143,133,861
Neuron_0344,29,31,6
Neuron_0345,28,30,107
Neuron_0346,63,110,580
Neuron_0347,653,898,500
Neuron_0348,238,436,443
Neuron_0349,736,33,198
Neuron_0350,300,211,739
Neuron_0351,133,360,294
Neuron_0352,108,297,537
Neuron_0353,301,212,424
Neuron_0354,197,359,175
Neuron_0355,337,229,228
Neuron_0356,278,125,736
Neuron_0357,32,16,937
Neuron_0358,554,361,337
Neuron_0359,954,644,711
Neuron_0360,500,423,111
Neuron_0361,64,111,642
Neuron_0362,429,549,213
Neuron_0363,338,230,244
Neuron_0364,428,548,363
Neuron_0365,62,109,818
Neuron_0366,430,550,183
Neuron_0367,200,755,750
Neuron_0368,778,756,441
Neuron_0369,302,213,446
Neuron_0370,240,437,809
Neuron_0371,700,655,762
Neuron_0372,276,123,505
Neuron_0373,30,34,11
Neuron_0374,121,32,126
Neuron_0375,291,224,327
Neuron_0376,498,421,120
Neuron_0377,279,124,728
Neuron_0378,501,424,99
Neuron_0379,415,253,885
Neuron_0380,140,92,335
Neuron_0381,21,15,511
Neuron_0382,220,241,760
Neuron_0383,36,239,504
Neuron_0384,94,251,817
Neuron_0385,45,73,679
Neuron_0386,221,242,575
Neuron_0387,943,680,808
Neuron_0388,246,475,373
Neuron_0389,416,252,832
Neuron_0390,255,689,224
Neuron_0391,253,478,558
Neuron_0392,779,936,778
Neuron_0393,254,477,413
Neuron_0394,499,422,433
Neuron_0395,620,886,862
Neuron_0396,451,861,877
Neuron_0397,651,939,455
Neuron_0398,139,91,781
Neuron_0399,807,915,856
Neuron_0400,141,93,167
Neuron_0401,417,254,874
Neuron_0402,418,250,897
Neuron_0403,880,479,464
Neuron_0404,219,240,566
Neuron_0405,130,256,660
Neuron_0406,482,280,29
Neuron_0407,483,281,42
Neuron_0408,485,283,15
Neuron_0409,478,268,12
Neuron_0410,479,269,27
Neuron_0411,484,282,10
Neuron_0412,480,39,18
Neuron_0413,513,461,139
Neuron_0414,616,839,942
Neuron_0415,505,397,248
Neuron_0416,15,41,5
Neuron_0417,617,854,948
Neuron_0418,510,458,204
Neuron_0419,609,837,933
Neuron_0420,607,835,926
Neuron_0421,476,266,32
Neuron_0422,16,42,2
Neuron_0423,486,284,13
Neuron_0424,618,876,880
Neuron_0425,514,462,378
Neuron_0426,841,745,889
Neuron_0427,512,460,260
Neuron_0428,619,877,939
Neuron_0429,621,892,890
Neuron_0430,701,634,590
Neuron_0431,12,45,7
Neuron_0432,909,541,435
Neuron_0433,745,340,466
Neuron_0434,95,616,835
Neuron_0435,171,178,212
Neuron_0436,379,546,200
Neuron_0437,374,677,755
Neuron_0438,242,465,232
Neuron_0439,739,943,482
Neuron_0440,740,944,230
Neuron_0441,187,440,412
Neuron_0442,887,800,343
Neuron_0443,381,441,274
Neuron_0444,926,678,763
Neuron_0445,241,942,190
Neuron_0446,172,179,76
Neuron_0447,173,180,56
Neuron_0448,174,176,100
Neuron_0449,734,544,523
Neuron_0450,782,443,458
Neuron_0451,376,425,494
Neuron_0452,378,427,479
Neuron_0453,382,444,261
Neuron_0454,925,674,871
Neuron_0455,927,675,848
Neuron_0456,908,542,238
Neuron_0457,380,547,298
Neuron_0458,88,309,371
Neuron_0459,10,43,1
Neuron_0460,910,543,252
Neuron_0461,746,617,683
Neuron_0462,375,679,677
Neuron_0463,11,44,4
Neuron_0464,188,442,207
Neuron_0465,892,618,887
Neuron_0466,481,40,9
Neuron_0467,735,545,215
Neuron_0468,243,466,30
Neuron_0469,13,46,3
Neuron_0470,89,310,58
Neuron_0471,175,177,440
Neuron_0472,928,676,866
Neuron_0473,893,619,828
Neuron_0474,181,119,277
Neuron_0475,185,168,600
Neuron_0476,388,463,698
Neuron_0477,709,635,394
Neuron_0478,668,659,774
Neuron_0479,710,636,92
Neuron_0480,808,626,663
Neuron_0481,798,822,810
Neuron_0482,303,120,485
Neuron_0483,929,690,331
Neuron_0484,765,794,891
Neuron_0485,881,518,317
Neuron_0486,564,377,712
Neuron_0487,389,464,719
Neuron_0488,456,691,270
Neuron_0489,824,808,562
Neuron_0490,390,447,275
Neuron_0491,804,810,401
Neuron_0492,799,823,725
Neuron_0493,931,693,544
Neuron_0494,843,769,402
Neuron_0495,932,694,839
Neuron_0496,955,692,205
Neuron_0497,803,809,291
Neuron_0498,806,807,864
Neuron_0499,286,446,735
Neuron_0500,186,169,222
Neuron_0501,930,584,630
Neuron_0502,844,770,787
Neuron_0503,217,138,602
Neuron_0504,805,811,462
Neuron_0505,215,140,342
Neuron_0506,413,351,896
Neuron_0507,52,80,471
Neuron_0508,100,346,211
Neuron_0509,284,107,788
Neuron_0510,47,190,136
Neuron_0511,105,35,114
Neuron_0512,275,122,534
Neuron_0513,53,81,813
Neuron_0514,59,82,236
Neuron_0515,285,108,895
Neuron_0516,60,83,258
Neuron_0517,61,84,560
Neuron_0518,885,623,421
Neuron_0519,410,357,616
Neuron_0520,106,36,324
Neuron_0521,198,225,795
Neuron_0522,754,142,395
Neuron_0523,99,343,206
Neuron_0524,443,702,179
Neuron_0525,516,473,65
Neuron_0526,934,695,162
Neuron_0527,762,774,318
Neuron_0528,795,193,416
Neuron_0529,752,354,89
Neuron_0530,519,467,164
Neuron_0531,935,696,184
Neuron_0532,766,795,585
Neuron_0533,287,194,370
Neuron_0534,350,449,400
Neuron_0535,336,226,519
Neuron_0536,517,474,44
Neuron_0537,800,821,684
Neuron_0538,747,949,459
Neuron_0539,288,450,263
Neuron_0540,936,703,348
Neuron_0541,218,139,346
Neuron_0542,515,470,75
Neuron_0543,334,191,181
Neuron_0544,289,451,283
Neuron_0545,801,824,265
Neuron_0546,520,468,115
Neuron_0547,412,352,913
Neuron_0548,521,469,144
Neuron_0549,640,831,493
Neuron_0550,518,472,67
Neuron_0551,351,448,469
Neuron_0552,802,825,381
Neuron_0553,764,793,623
Neuron_0554,335,192,170
Neuron_0555,93,341,243
Neuron_0556,409,356,636
Neuron_0557,101,347,149
Neuron_0558,414,353,883
Neuron_0559,763,775,444
Neuron_0560,933,697,328
Neuron_0561,411,358,351
Neuron_0562,391,471,117
Neuron_0563,216,141,264
Neuron_0564,753,355,226
Neuron_0565,755,143,103
Neuron_0566,26,37,119
Neuron_0567,145,129,662
Neuron_0568,82,335,431
Neuron_0569,402,560,262
Neuron_0570,403,562,239
Neuron_0571,316,232,409
Neuron_0572,741,954,629
Neuron_0573,742,955,96
Neuron_0574,466,602,764
Neuron_0575,247,452,61
Neuron_0576,321,201,352
Neuron_0577,322,200,816
Neuron_0578,438,557,271
Neuron_0579,323,204,425
Neuron_0580,401,561,319
Neuron_0581,864,551,302
Neuron_0582,874,205,525
Neuron_0583,555,362,174
Neuron_0584,865,552,217
Neuron_0585,439,558,398
Neuron_0586,102,342,292
Neuron_0587,83,336,453
Neuron_0588,103,344,202
Neuron_0589,144,128,532
Neuron_0590,790,733,384
Neuron_0591,404,563,259
Neuron_0592,317,231,290
Neuron_0593,248,453,74
Neuron_0594,465,601,768
Neuron_0595,467,603,826
Neuron_0596,875,559,269
Neuron_0597,324,202,273
Neuron_0598,449,553,586
Neuron_0599,352,235,288
Neuron_0600,84,334,315
Neuron_0601,277,126,561
Neuron_0602,314,233,535
Neuron_0603,27,38,116
Neuron_0604,146,130,680
Neuron_0605,104,345,465
Neuron_0606,407,61,724
Neuron_0607,58,1,805
Neuron_0608,43,380,806
Neuron_0609,66,112,201
Neuron_0610,46,363,268
Neuron_0611,496,303,639
Neuron_0612,67,114,447
Neuron_0613,194,206,869
Neuron_0614,393,740,757
Neuron_0615,280,77,814
Neuron_0616,394,741,619
Neuron_0617,450,554,859
Neuron_0618,494,301,738
Neuron_0619,330,198,520
Neuron_0620,244,236,210
Neuron_0621,209,170,133
Neuron_0622,495,302,475
Neuron_0623,281,78,507
Neuron_0624,65,113,386
Neuron_0625,634,884,681
Neuron_0626,791,734,326
Neuron_0627,650,916,867
Neuron_0628,392,742,703
Neuron_0629,635,885,745
Neuron_0630,68,115,307
Neuron_0631,497,304,559
Neuron_0632,331,199,513
Neuron_0633,408,62,829
Neuron_0634,346,263,88
Neuron_0635,14,265,14
Neuron_0636,477,267,40
Neuron_0637,612,852,954
Neuron_0638,636,926,379
Neuron_0639,613,853,950
Neuron_0640,648,913,436
Neuron_0641,347,264,474
Neuron_0642,623,924,815
Neuron_0643,693,612,879
Neuron_0644,598,850,957
Neuron_0645,630,888,697
Neuron_0646,637,927,821
Neuron_0647,611,851,958
Neuron_0648,631,889,625
Neuron_0649,694,613,910
Neuron_0650,39,54,237
Neuron_0651,543,389,23
Neuron_0652,939,519,295
Neuron_0653,207,89,62
Neuron_0654,124,127,323
Neuron_0655,249,299,427
Neuron_0656,723,629,838
Neuron_0657,759,813,670
Neuron_0658,708,660,841
Neuron_0659,731,627,221
Neuron_0660,940,632,669
Neuron_0661,681,681,744
Neuron_0662,550,566,811
Neuron_0663,809,878,766
Neuron_0664,725,633,837
Neuron_0665,724,630,687
Neuron_0666,810,879,822
Neuron_0667,548,523,72
Neuron_0668,552,564,404
Neuron_0669,553,565,94
Neuron_0670,40,55,97
Neuron_0671,211,164,17
Neuron_0672,726,631,865
Neuron_0673,858,526,46
Neuron_0674,169,68,272
Neuron_0675,857,525,25
Neuron_0676,208,90,38
Neuron_0677,760,814,873
Neuron_0678,250,300,508
Neuron_0679,549,524,125
Neuron_0680,212,165,19
Neuron_0681,544,390,86
Neuron_0682,758,812,555
Neuron_0683,206,88,82
Neuron_0684,941,520,163
Neuron_0685,551,567,197
Neuron_0686,761,815,734
Neuron_0687,170,69,509
Neuron_0688,855,539,122
Neuron_0689,849,537,420
Neuron_0690,732,624,657
Neuron_0691,540,947,399
Neuron_0692,176,145,775
Neuron_0693,546,506,52
Neuron_0694,530,509,278
Neuron_0695,261,99,336
Neuron_0696,383,535,545
Neuron_0697,167,555,191
Neuron_0698,851,533,55
Neuron_0699,528,512,80
Neuron_0700,853,534,218
Neuron_0701,529,513,235
Neuron_0702,545,503,793
Neuron_0703,876,785,819
Neuron_0704,839,856,906
Neuron_0705,733,625,498
Neuron_0706,547,511,108
Neuron_0707,177,146,860
Neuron_0708,850,538,281
Neuron_0709,531,510,611
Neuron_0710,525,507,54
Neuron_0711,532,504,390
Neuron_0712,168,556,95
Neuron_0713,384,682,686
Neuron_0714,852,540,104
Neuron_0715,856,536,193
Neuron_0716,533,505,528
Neuron_0717,213,166,50
Neuron_0718,125,956,702
Neuron_0719,214,167,8
Neuron_0720,580,483,109
Neuron_0721,577,117,208
Neuron_0722,542,388,173
Neuron_0723,919,951,220
Neuron_0724,344,481,339
Neuron_0725,916,945,521
Neuron_0726,937,706,332
Neuron_0727,386,531,186
Neuron_0728,917,946,765
Neuron_0729,345,207,621
Neuron_0730,541,948,438
Neuron_0731,737,957,385
Neuron_0732,576,116,313
Neuron_0733,872,528,165
Neuron_0734,915,950,406
Neuron_0735,873,705,229
Neuron_0736,614,857,931
Neuron_0737,871,480,145
Neuron_0738,920,952,246
Neuron_0739,944,832,777
Neuron_0740,938,707,372
Neuron_0741,444,704,320
Neuron_0742,581,484,110
Neuron_0743,526,508,83
Neuron_0744,343,208,833
Neuron_0745,738,958,345
Neuron_0746,579,482,161
Neuron_0747,837,833,905
Neuron_0748,840,746,769
Neuron_0749,599,846,944
Neuron_0750,838,744,932
Neuron_0751,918,953,253
Neuron_0752,578,118,231
Neuron_0753,48,56,64
Neuron_0754,90,308,618
Neuron_0755,157,156,146
Neuron_0756,159,155,182
Neuron_0757,160,153,312
Neuron_0758,158,157,189
Neuron_0759,869,529,49
Neuron_0760,353,185,603
Neuron_0761,751,628,195
Neuron_0762,387,532,391
Neuron_0763,870,530,70
Neuron_0764,784,582,557
Neuron_0765,315,234,473
Neuron_0766,385,732,168
Neuron_0767,97,583,77
Neuron_0768,162,57,157
Neuron_0769,222,71,878
Neuron_0770,163,58,71
Neuron_0771,687,606,947
Neuron_0772,161,152,304
Neuron_0773,445,154,554
Neuron_0774,717,337,751
Neuron_0775,463,594,907
Neuron_0776,718,338,451
Neuron_0777,462,596,674
Neuron_0778,395,597,656
Neuron_0779,420,419,929
Neuron_0780,688,607,930
Neuron_0781,464,595,938
Neuron_0782,98,339,454
Neuron_0783,396,743,564
Neuron_0784,474,289,98
Neuron_0785,471,286,22
Neuron_0786,861,285,106
Neuron_0787,85,147,408
Neuron_0788,690,609,949
Neuron_0789,153,278,21
Neuron_0790,165,150,240
Neuron_0791,472,287,60
Neuron_0792,150,272,20
Neuron_0793,155,270,45
Neuron_0794,195,782,638
Neuron_0795,469,292,31
Neuron_0796,156,276,28
Neuron_0797,341,922,567
Neuron_0798,468,291,34
Neuron_0799,475,290,105
Neuron_0800,911,783,628
Neuron_0801,842,96,934
Neuron_0802,164,149,434
Neuron_0803,470,293,36
Neuron_0804,262,100,827
Neuron_0805,166,151,142
Neuron_0806,912,784,490
Neuron_0807,86,148,223
Neuron_0808,342,63,904
Neuron_0809,154,279,53
Neuron_0810,689,608,927
Neuron_0811,149,271,26
Neuron_0812,913,598,322
Neuron_0813,491,399,84
Neuron_0814,697,614,923
Neuron_0815,487,402,609
Neuron_0816,691,610,941
Neuron_0817,147,274,51
Neuron_0818,914,599,713
Neuron_0819,148,275,47
Neuron_0820,473,288,33
Neuron_0821,151,273,24
Neuron_0822,152,277,35
Neuron_0823,34,66,834
Neuron_0824,33,64,928
Neuron_0825,259,97,855
Neuron_0826,492,400,156
Neuron_0827,490,398,101
Neuron_0828,493,401,87
Neuron_0829,945,521,743
Neuron_0830,527,514,73
Neuron_0831,522,515,160
Neuron_0832,488,403,153
Neuron_0833,538,496,148
Neuron_0834,679,896,863
Neuron_0835,825,923,771
Neuron_0836,698,615,753
Neuron_0837,602,843,955
Neuron_0838,539,501,91
Neuron_0839,523,516,255
Neuron_0840,686,872,893
Neuron_0841,680,897,714
Neuron_0842,604,845,940
Neuron_0843,489,404,159
Neuron_0844,854,522,124
Neuron_0845,605,847,956
Neuron_0846,524,517,93
Neuron_0847,706,663,645
Neuron_0848,35,67,917
Neuron_0849,126,65,617
Neuron_0850,260,98,798
Neuron_0851,569,502,127
Neuron_0852,696,604,876
Neuron_0853,567,87,48
Neuron_0854,38,257,870
Neuron_0855,24,28,234
Neuron_0856,22,26,452
Neuron_0857,44,134,908
Neuron_0858,309,158,706
Neuron_0859,310,159,789
Neuron_0860,87,487,491
Neuron_0861,76,237,597
Neuron_0862,78,323,286
Neuron_0863,677,869,445
Neuron_0864,574,492,131
Neuron_0865,898,160,627
Neuron_0866,683,870,901
Neuron_0867,721,640,729
Neuron_0868,80,325,612
Neuron_0869,234,136,41
Neuron_0870,867,485,356
Neuron_0871,568,494,132
Neuron_0872,862,802,633
Neuron_0873,572,490,113
Neuron_0874,534,497,66
Neuron_0875,226,367,135
Neuron_0876,536,499,85
Neuron_0877,535,500,69
Neuron_0878,603,844,953
Neuron_0879,537,498,118
Neuron_0880,79,326,305
Neuron_0881,77,238,920
Neuron_0882,573,491,194
Neuron_0883,596,841,946
Neuron_0884,695,605,916
Neuron_0885,81,324,546
Neuron_0886,684,871,640
Neuron_0887,868,486,747
Neuron_0888,863,803,701
Neuron_0889,866,488,169
Neuron_0890,597,842,943
Neuron_0891,719,328,594
Neuron_0892,23,27,301
Neuron_0893,575,493,203
Neuron_0894,772,258,784
Neuron_0895,722,641,796
Neuron_0896,256,489,151
Neuron_0897,25,29,166
Neuron_0898,773,259,596
Neuron_0899,570,495,147
Neuron_0900,433,319,721
Neuron_0901,116,137,63
Neuron_0902,117,135,659
Neuron_0903,37,70,209
Neuron_0904,720,329,478
Neuron_0905,770,797,634
Neuron_0906,110,306,589
Neuron_0907,327,186,375
Neuron_0908,223,72,651
Neuron_0909,748,322,591
Neuron_0910,565,261,282
Neuron_0911,896,790,308
Neuron_0912,432,327,241
Neuron_0913,325,188,644
Neuron_0914,897,868,382
Neuron_0915,348,227,426
Neuron_0916,678,895,782
Neuron_0917,906,260,330
Neuron_0918,434,320,741
Neuron_0919,109,305,533
Neuron_0920,566,262,354
Neuron_0921,771,798,831
Neuron_0922,354,445,514
Neuron_0923,328,187,251
Neuron_0924,349,228,414
Neuron_0925,326,189,518
Neuron_0926,111,307,704
Neuron_0927,713,330,419
Neuron_0928,715,332,587
Neuron_0929,646,933,812
Neuron_0930,452,796,688
Neuron_0931,421,420,881
Neuron_0932,705,664,720
Neuron_0933,647,934,740
Neuron_0934,879,801,470
Neuron_0935,627,881,598
Neuron_0936,714,333,549
Neuron_0937,716,331,516
Neuron_0938,419,418,899
Neuron_0939,907,318,158
Neuron_0940,615,840,922
Neuron_0941,628,873,287
Neuron_0942,682,860,915
Neuron_0943,600,848,952
Neuron_0944,511,459,37
Neuron_0945,210,171,172
Neuron_0946,624,890,936
Neuron_0947,877,786,635
Neuron_0948,947,686,543
Neuron_0949,625,891,840
Neuron_0950,822,931,754
Neuron_0951,692,611,730
Neuron_0952,638,925,583
Neuron_0953,859,527,16
Neuron_0954,622,893,776
Neuron_0955,17,11,802
Neuron_0956,601,849,945
Neuron_0957,610,855,951
