row_labels,HAC_ward_eucl_thr_22
 C000,1
 C001,2
 C002,9
 C003,1
 C004,1
 C005,5
 C006,2
 C007,2
 C008,1
 C009,8
 C010,2
 C011,8
 C012,6
 C013,8
 C014,6
 C015,5
 C016,2
 C017,9
 C018,6
 C019,5
 C020,1
 C021,1
 C022,8
 C023,8
 C024,11
 C025,1
 C026,8
 C027,8
 C028,1
 C029,2
 C030,2
 C031,1
 C032,2
 C033,10
 C034,1
 C035,2
 C036,2
 C037,3
 C038,8
 C039,1
 C040,2
 C041,2
 C042,9
 C043,2
 C044,2
 C045,11
 C046,2
 C047,10
 C048,5
 C049,10
 C050,6
 C051,2
 C052,8
 C053,8
 C054,3
 C055,8
 C056,8
 C057,2
 C058,10
 C059,2
 C060,8
 C061,2
 C062,8
 C063,5
 C064,10
 C065,5
 C066,2
 C067,2
 C068,8
 C069,2
 C070,6
 C071,5
 C072,8
 C073,2
 C074,1
 C075,2
 C076,10
 C077,8
 C078,2
 C079,10
 C080,1
 C081,2
 C082,8
 C083,8
 C084,10
 C085,2
 C086,1
 C087,1
 C088,1
 C089,1
 C090,1
 C091,2
 C092,1
 C093,2
 C094,1
 C095,1
 C096,2
 C097,6
 C098,1
 C099,11
 C100,1
 C101,8
 C102,11
 C103,11
 C104,2
 C105,8
 C106,8
 C107,10
 C108,2
 C109,8
 C110,11
 C111,11
 C112,1
 C113,8
 C114,8
 C115,1
 C116,5
 C117,5
 C118,11
 C119,11
 C120,5
 C121,5
 C122,11
 C123,11
 C124,11
 C125,10
 C126,2
 C127,8
 C128,11
 C129,2
 C130,1
 C131,5
 C132,1
 C133,11
 C134,11
 C135,10
 C136,8
 C137,11
 C138,11
 C139,1
 C140,2
 C141,1
 C142,2
 C143,11
 C144,1
 C145,11
 C146,1
 C147,1
 C148,1
 C149,11
 C150,2
 C151,8
 C152,2
 C153,2
 C154,8
 C155,10
 C156,2
 C157,8
 C158,11
 C159,11
 C160,3
 C161,5
 C162,2
 C163,5
 C164,1
 C165,1
 C166,1
 C167,8
 C168,2
 C169,11
 C170,11
 C171,2
 C172,1
 C173,10
 C174,1
 C175,2
 C176,10
 C177,2
 C178,1
 C179,1
 C180,10
 C181,3
 C182,10
 C183,5
 C184,8
 C185,3
 C186,8
 C187,1
 C188,8
 C189,1
 C190,2
 C191,10
 C192,6
 C193,8
 C194,6
 C195,10
 C196,5
 C197,3
 C198,5
 C199,5
 C200,5
 C201,6
 C202,5
 C203,6
 C204,2
 C205,10
 C206,10
 C207,2
 C208,5
 C209,5
 C210,2
 C211,2
 C212,1
 C213,1
 C214,1
 C215,1
 C216,11
 C217,10
 C218,8
 C219,6
 C220,8
 C221,1
 C222,8
 C223,6
 C224,6
 C225,2
 C226,8
 C227,6
 C228,2
 C229,9
 C230,8
 C231,8
 C232,6
 C233,11
 C234,9
 C235,6
 C236,8
 C237,2
 C238,6
 C239,1
 C240,6
 C241,9
 C242,5
 C243,6
 C244,2
 C245,2
 C246,2
 C247,8
 C248,2
 C249,8
 C250,2
 C251,10
 C252,2
 C253,11
 C254,11
 C255,6
 C256,10
 C257,10
 C258,8
 C259,10
 C260,11
 C261,10
 C262,8
 C263,10
 C264,10
 C265,11
 C266,11
 C267,8
 C268,11
 C269,8
 C270,10
 C271,6
 C272,8
 C273,6
 C274,6
 C275,1
 C276,6
 C277,1
 C278,1
 C279,2
 C280,11
 C281,6
 C282,10
 C283,2
 C284,2
 C285,10
 C286,2
 C287,11
 C288,8
 C289,11
 C290,6
 C291,6
 C292,6
 C293,10
 C294,11
 C295,8
 C296,6
 C297,2
 C298,1
 C299,8
 C300,6
 C301,11
 C302,11
 C303,6
 C304,6
 C305,8
 C306,8
 C307,10
 C308,2
 C309,11
 C310,11
 C311,8
 C312,10
 C313,8
 C314,8
 C315,11
 C316,8
 C317,11
 C318,8
 C319,11
 C320,2
 C321,8
 C322,11
 C323,10
 C324,1
 C325,10
 C326,1
 C327,11
 C328,8
 C329,11
 C330,1
 C331,11
 C332,11
 C333,10
 C334,8
 C335,8
 C336,11
 C337,2
 C338,6
 C339,1
 C340,6
 C341,8
 C342,10
 C343,1
 C344,1
 C345,1
 C346,1
 C347,5
 C348,1
 C349,2
 C350,11
 C351,1
 C352,2
 C353,8
 C354,2
 C355,8
 C356,1
 C357,1
 C358,8
 C359,8
 C360,2
 C361,1
 C362,6
 C363,11
 C364,2
 C365,8
 C366,2
 C367,8
 C368,10
 C369,8
 C370,8
 C371,1
 C372,2
 C373,2
 C374,1
 C375,5
 C376,2
 C377,2
 C378,2
 C379,7
 C380,1
 C381,1
 C382,2
 C383,1
 C384,1
 C385,1
 C386,2
 C387,2
 C388,2
 C389,7
 C390,8
 C391,6
 C392,10
 C393,6
 C394,2
 C395,3
 C396,8
 C397,5
 C398,2
 C399,10
 C400,1
 C401,7
 C402,7
 C403,9
 C404,8
 C405,1
 C406,1
 C407,1
 C408,6
 C409,1
 C410,1
 C411,6
 C412,6
 C413,6
 C414,5
 C415,2
 C416,1
 C417,5
 C418,6
 C419,5
 C420,5
 C421,1
 C422,1
 C423,1
 C424,3
 C425,6
 C426,5
 C427,6
 C428,3
 C429,3
 C430,2
 C431,1
 C432,8
 C433,1
 C434,1
 C435,2
 C436,6
 C437,6
 C438,1
 C439,2
 C440,2
 C441,1
 C442,8
 C443,8
 C444,8
 C445,2
 C446,2
 C447,2
 C448,2
 C449,6
 C450,8
 C451,6
 C452,6
 C453,8
 C454,5
 C455,6
 C456,8
 C457,6
 C458,1
 C459,1
 C460,8
 C461,2
 C462,6
 C463,1
 C464,6
 C465,8
 C466,6
 C467,6
 C468,6
 C469,1
 C470,1
 C471,8
 C472,8
 C473,8
 C474,1
 C475,1
 C476,10
 C477,2
 C478,10
 C479,2
 C480,10
 C481,11
 C482,11
 C483,6
 C484,10
 C485,9
 C486,11
 C487,10
 C488,6
 C489,5
 C490,10
 C491,10
 C492,11
 C493,10
 C494,11
 C495,10
 C496,6
 C497,10
 C498,5
 C499,11
 C500,2
 C501,6
 C502,11
 C503,10
 C504,10
 C505,2
 C506,1
 C507,1
 C508,1
 C509,2
 C510,2
 C511,6
 C512,2
 C513,1
 C514,1
 C515,2
 C516,1
 C517,1
 C518,2
 C519,1
 C520,6
 C521,2
 C522,2
 C523,1
 C524,8
 C525,6
 C526,6
 C527,8
 C528,11
 C529,10
 C530,6
 C531,6
 C532,10
 C533,11
 C534,6
 C535,10
 C536,6
 C537,11
 C538,2
 C539,11
 C540,10
 C541,10
 C542,6
 C543,11
 C544,11
 C545,8
 C546,6
 C547,1
 C548,6
 C549,11
 C550,6
 C551,6
 C552,11
 C553,10
 C554,11
 C555,1
 C556,1
 C557,1
 C558,1
 C559,8
 C560,6
 C561,1
 C562,6
 C563,2
 C564,10
 C565,10
 C566,1
 C567,1
 C568,1
 C569,6
 C570,8
 C571,8
 C572,2
 C573,2
 C574,8
 C575,2
 C576,10
 C577,8
 C578,2
 C579,10
 C580,8
 C581,8
 C582,10
 C583,8
 C584,8
 C585,6
 C586,1
 C587,1
 C588,6
 C589,1
 C590,9
 C591,8
 C592,8
 C593,2
 C594,2
 C595,8
 C596,10
 C597,10
 C598,8
 C599,8
 C600,1
 C601,2
 C602,8
 C603,1
 C604,1
 C605,1
 C606,1
 C607,1
 C608,2
 C609,1
 C610,1
 C611,1
 C612,1
 C613,2
 C614,11
 C615,2
 C616,8
 C617,8
 C618,2
 C619,8
 C620,8
 C621,8
 C622,8
 C623,2
 C624,1
 C625,3
 C626,10
 C627,5
 C628,8
 C629,3
 C630,8
 C631,1
 C632,8
 C633,8
 C634,8
 C635,1
 C636,1
 C637,4
 C638,5
 C639,4
 C640,5
 C641,8
 C642,3
 C643,8
 C644,4
 C645,3
 C646,5
 C647,4
 C648,3
 C649,11
 C650,1
 C651,1
 C652,10
 C653,6
 C654,1
 C655,6
 C656,1
 C657,10
 C658,10
 C659,2
 C660,6
 C661,10
 C662,6
 C663,10
 C664,1
 C665,2
 C666,10
 C667,6
 C668,10
 C669,6
 C670,1
 C671,6
 C672,1
 C673,9
 C674,6
 C675,9
 C676,6
 C677,10
 C678,6
 C679,6
 C680,6
 C681,6
 C682,10
 C683,10
 C684,6
 C685,6
 C686,10
 C687,2
 C688,9
 C689,9
 C690,2
 C691,1
 C692,2
 C693,6
 C694,9
 C695,7
 C696,9
 C697,2
 C698,9
 C699,9
 C700,9
 C701,9
 C702,6
 C703,11
 C704,5
 C705,2
 C706,6
 C707,2
 C708,9
 C709,9
 C710,9
 C711,9
 C712,2
 C713,1
 C714,6
 C715,9
 C716,9
 C717,9
 C718,1
 C719,2
 C720,6
 C721,2
 C722,2
 C723,1
 C724,6
 C725,6
 C726,8
 C727,6
 C728,6
 C729,6
 C730,9
 C731,2
 C732,2
 C733,9
 C734,9
 C735,9
 C736,5
 C737,9
 C738,1
 C739,8
 C740,8
 C741,8
 C742,6
 C743,9
 C744,5
 C745,2
 C746,6
 C747,8
 C748,10
 C749,4
 C750,8
 C751,9
 C752,2
 C753,1
 C754,1
 C755,6
 C756,1
 C757,6
 C758,6
 C759,9
 C760,6
 C761,2
 C762,6
 C763,9
 C764,8
 C765,8
 C766,8
 C767,1
 C768,6
 C769,2
 C770,6
 C771,2
 C772,6
 C773,6
 C774,2
 C775,2
 C776,1
 C777,2
 C778,11
 C779,8
 C780,2
 C781,2
 C782,1
 C783,8
 C784,6
 C785,6
 C786,9
 C787,1
 C788,8
 C789,1
 C790,8
 C791,6
 C792,1
 C793,6
 C794,2
 C795,6
 C796,6
 C797,9
 C798,6
 C799,6
 C800,8
 C801,5
 C802,8
 C803,6
 C804,7
 C805,8
 C806,8
 C807,1
 C808,8
 C809,1
 C810,2
 C811,1
 C812,6
 C813,6
 C814,8
 C815,6
 C816,8
 C817,1
 C818,8
 C819,1
 C820,6
 C821,1
 C822,6
 C823,1
 C824,1
 C825,7
 C826,6
 C827,6
 C828,6
 C829,9
 C830,9
 C831,9
 C832,6
 C833,9
 C834,10
 C835,5
 C836,6
 C837,4
 C838,9
 C839,9
 C840,11
 C841,5
 C842,4
 C843,6
 C844,9
 C845,4
 C846,9
 C847,1
 C848,1
 C849,1
 C850,7
 C851,9
 C852,7
 C853,2
 C854,1
 C855,1
 C856,1
 C857,1
 C858,2
 C859,2
 C860,1
 C861,1
 C862,1
 C863,5
 C864,9
 C865,11
 C866,11
 C867,2
 C868,1
 C869,8
 C870,9
 C871,2
 C872,5
 C873,9
 C874,9
 C875,9
 C876,9
 C877,9
 C878,4
 C879,9
 C880,1
 C881,1
 C882,9
 C883,4
 C884,8
 C885,1
 C886,11
 C887,9
 C888,5
 C889,9
 C890,4
 C891,2
 C892,1
 C893,9
 C894,10
 C895,2
 C896,6
 C897,1
 C898,10
 C899,9
 C900,1
 C901,1
 C902,1
 C903,1
 C904,1
 C905,10
 C906,1
 C907,5
 C908,8
 C909,2
 C910,8
 C911,10
 C912,2
 C913,8
 C914,10
 C915,10
 C916,10
 C917,8
 C918,2
 C919,1
 C920,8
 C921,10
 C922,10
 C923,10
 C924,10
 C925,8
 C926,1
 C927,1
 C928,1
 C929,5
 C930,2
 C931,8
 C932,8
 C933,5
 C934,11
 C935,3
 C936,1
 C937,1
 C938,8
 C939,8
 C940,5
 C941,10
 C942,11
 C943,4
 C944,6
 C945,8
 C946,3
 C947,11
 C948,10
 C949,3
 C950,5
 C951,11
 C952,5
 C953,9
 C954,3
 C955,1
 C956,4
 C957,5
