row_labels,HAC_ward_eucl_thr_23
 C000,10
 C001,6
 C002,10
 C003,9
 C004,6
 C005,3
 C006,7
 C007,9
 C008,9
 C009,4
 C010,4
 C011,3
 C012,10
 C013,6
 C014,7
 C015,9
 C016,4
 C017,9
 C018,10
 C019,3
 C020,9
 C021,9
 C022,4
 C023,7
 C024,7
 C025,9
 C026,7
 C027,9
 C028,4
 C029,3
 C030,6
 C031,5
 C032,6
 C033,5
 C034,4
 C035,6
 C036,4
 C037,1
 C038,6
 C039,4
 C040,4
 C041,9
 C042,10
 C043,6
 C044,6
 C045,3
 C046,4
 C047,5
 C048,3
 C049,10
 C050,9
 C051,9
 C052,4
 C053,9
 C054,3
 C055,3
 C056,9
 C057,9
 C058,9
 C059,6
 C060,4
 C061,8
 C062,6
 C063,7
 C064,10
 C065,9
 C066,10
 C067,10
 C068,4
 C069,4
 C070,9
 C071,3
 C072,9
 C073,10
 C074,6
 C075,9
 C076,9
 C077,4
 C078,4
 C079,5
 C080,9
 C081,4
 C082,9
 C083,9
 C084,9
 C085,9
 C086,5
 C087,6
 C088,4
 C089,7
 C090,9
 C091,3
 C092,5
 C093,6
 C094,4
 C095,4
 C096,7
 C097,8
 C098,7
 C099,7
 C100,7
 C101,4
 C102,7
 C103,5
 C104,9
 C105,7
 C106,4
 C107,9
 C108,7
 C109,4
 C110,6
 C111,1
 C112,6
 C113,4
 C114,7
 C115,5
 C116,1
 C117,1
 C118,1
 C119,4
 C120,1
 C121,1
 C122,6
 C123,9
 C124,10
 C125,10
 C126,9
 C127,7
 C128,4
 C129,6
 C130,6
 C131,9
 C132,5
 C133,7
 C134,4
 C135,7
 C136,9
 C137,9
 C138,6
 C139,6
 C140,5
 C141,7
 C142,8
 C143,9
 C144,6
 C145,9
 C146,6
 C147,5
 C148,6
 C149,3
 C150,6
 C151,6
 C152,3
 C153,3
 C154,6
 C155,7
 C156,3
 C157,3
 C158,3
 C159,1
 C160,1
 C161,7
 C162,6
 C163,3
 C164,5
 C165,6
 C166,5
 C167,6
 C168,6
 C169,3
 C170,3
 C171,5
 C172,7
 C173,7
 C174,6
 C175,5
 C176,9
 C177,4
 C178,9
 C179,6
 C180,3
 C181,3
 C182,9
 C183,7
 C184,3
 C185,3
 C186,5
 C187,5
 C188,1
 C189,5
 C190,8
 C191,7
 C192,8
 C193,6
 C194,10
 C195,3
 C196,7
 C197,1
 C198,3
 C199,3
 C200,7
 C201,10
 C202,3
 C203,9
 C204,8
 C205,3
 C206,9
 C207,10
 C208,3
 C209,3
 C210,5
 C211,6
 C212,9
 C213,4
 C214,4
 C215,9
 C216,9
 C217,9
 C218,6
 C219,6
 C220,9
 C221,9
 C222,9
 C223,6
 C224,9
 C225,6
 C226,3
 C227,9
 C228,9
 C229,9
 C230,7
 C231,9
 C232,8
 C233,7
 C234,7
 C235,6
 C236,9
 C237,5
 C238,9
 C239,4
 C240,8
 C241,6
 C242,7
 C243,8
 C244,6
 C245,4
 C246,4
 C247,7
 C248,4
 C249,4
 C250,4
 C251,7
 C252,9
 C253,7
 C254,4
 C255,6
 C256,4
 C257,3
 C258,7
 C259,8
 C260,7
 C261,3
 C262,8
 C263,3
 C264,4
 C265,7
 C266,8
 C267,7
 C268,7
 C269,8
 C270,3
 C271,8
 C272,3
 C273,4
 C274,6
 C275,5
 C276,4
 C277,6
 C278,4
 C279,6
 C280,5
 C281,6
 C282,9
 C283,6
 C284,6
 C285,9
 C286,4
 C287,7
 C288,3
 C289,9
 C290,8
 C291,4
 C292,4
 C293,8
 C294,7
 C295,6
 C296,4
 C297,6
 C298,5
 C299,8
 C300,8
 C301,9
 C302,7
 C303,8
 C304,4
 C305,3
 C306,9
 C307,6
 C308,4
 C309,8
 C310,4
 C311,3
 C312,7
 C313,7
 C314,8
 C315,7
 C316,3
 C317,6
 C318,6
 C319,9
 C320,8
 C321,3
 C322,8
 C323,9
 C324,9
 C325,6
 C326,6
 C327,7
 C328,6
 C329,6
 C330,8
 C331,7
 C332,8
 C333,8
 C334,9
 C335,8
 C336,6
 C337,9
 C338,6
 C339,6
 C340,4
 C341,9
 C342,6
 C343,7
 C344,5
 C345,5
 C346,4
 C347,3
 C348,6
 C349,7
 C350,4
 C351,6
 C352,4
 C353,4
 C354,6
 C355,6
 C356,4
 C357,5
 C358,6
 C359,3
 C360,4
 C361,4
 C362,8
 C363,4
 C364,8
 C365,4
 C366,8
 C367,6
 C368,9
 C369,4
 C370,6
 C371,3
 C372,4
 C373,5
 C374,9
 C375,6
 C376,4
 C377,4
 C378,4
 C379,3
 C380,9
 C381,5
 C382,4
 C383,6
 C384,9
 C385,5
 C386,4
 C387,8
 C388,4
 C389,3
 C390,4
 C391,6
 C392,9
 C393,6
 C394,4
 C395,1
 C396,9
 C397,3
 C398,9
 C399,7
 C400,9
 C401,9
 C402,5
 C403,8
 C404,4
 C405,6
 C406,10
 C407,10
 C408,10
 C409,10
 C410,10
 C411,5
 C412,5
 C413,10
 C414,3
 C415,10
 C416,5
 C417,3
 C418,8
 C419,3
 C420,3
 C421,10
 C422,5
 C423,10
 C424,1
 C425,10
 C426,8
 C427,10
 C428,3
 C429,1
 C430,1
 C431,5
 C432,9
 C433,8
 C434,7
 C435,6
 C436,8
 C437,9
 C438,4
 C439,8
 C440,8
 C441,6
 C442,7
 C443,10
 C444,3
 C445,4
 C446,6
 C447,6
 C448,6
 C449,7
 C450,10
 C451,9
 C452,6
 C453,10
 C454,3
 C455,3
 C456,8
 C457,9
 C458,4
 C459,5
 C460,8
 C461,7
 C462,9
 C463,5
 C464,6
 C465,7
 C466,5
 C467,8
 C468,4
 C469,5
 C470,4
 C471,6
 C472,3
 C473,7
 C474,4
 C475,5
 C476,10
 C477,3
 C478,1
 C479,7
 C480,3
 C481,3
 C482,4
 C483,7
 C484,9
 C485,8
 C486,4
 C487,10
 C488,9
 C489,9
 C490,10
 C491,9
 C492,3
 C493,7
 C494,7
 C495,7
 C496,7
 C497,9
 C498,7
 C499,9
 C500,5
 C501,8
 C502,7
 C503,4
 C504,9
 C505,4
 C506,9
 C507,4
 C508,4
 C509,9
 C510,6
 C511,5
 C512,4
 C513,6
 C514,6
 C515,9
 C516,6
 C517,6
 C518,7
 C519,9
 C520,5
 C521,5
 C522,9
 C523,4
 C524,9
 C525,10
 C526,7
 C527,9
 C528,7
 C529,7
 C530,10
 C531,7
 C532,9
 C533,4
 C534,4
 C535,6
 C536,10
 C537,7
 C538,9
 C539,4
 C540,7
 C541,4
 C542,10
 C543,6
 C544,4
 C545,7
 C546,10
 C547,3
 C548,4
 C549,7
 C550,7
 C551,4
 C552,7
 C553,9
 C554,6
 C555,10
 C556,9
 C557,4
 C558,9
 C559,9
 C560,3
 C561,9
 C562,10
 C563,4
 C564,9
 C565,9
 C566,5
 C567,9
 C568,7
 C569,10
 C570,10
 C571,5
 C572,8
 C573,9
 C574,7
 C575,9
 C576,6
 C577,6
 C578,10
 C579,6
 C580,8
 C581,7
 C582,8
 C583,6
 C584,8
 C585,10
 C586,8
 C587,9
 C588,4
 C589,8
 C590,9
 C591,10
 C592,5
 C593,9
 C594,7
 C595,7
 C596,8
 C597,6
 C598,8
 C599,6
 C600,9
 C601,4
 C602,5
 C603,5
 C604,9
 C605,8
 C606,9
 C607,6
 C608,6
 C609,4
 C610,6
 C611,10
 C612,4
 C613,6
 C614,10
 C615,9
 C616,10
 C617,8
 C618,10
 C619,6
 C620,4
 C621,5
 C622,10
 C623,9
 C624,4
 C625,1
 C626,9
 C627,3
 C628,10
 C629,1
 C630,4
 C631,10
 C632,6
 C633,9
 C634,6
 C635,4
 C636,10
 C637,3
 C638,3
 C639,3
 C640,1
 C641,6
 C642,3
 C643,2
 C644,2
 C645,1
 C646,3
 C647,3
 C648,1
 C649,2
 C650,5
 C651,10
 C652,7
 C653,6
 C654,9
 C655,5
 C656,3
 C657,4
 C658,3
 C659,9
 C660,7
 C661,7
 C662,9
 C663,7
 C664,7
 C665,7
 C666,7
 C667,9
 C668,9
 C669,9
 C670,5
 C671,5
 C672,7
 C673,8
 C674,6
 C675,10
 C676,6
 C677,9
 C678,4
 C679,9
 C680,5
 C681,10
 C682,9
 C683,6
 C684,7
 C685,9
 C686,9
 C687,6
 C688,8
 C689,8
 C690,7
 C691,10
 C692,6
 C693,10
 C694,10
 C695,4
 C696,9
 C697,8
 C698,8
 C699,10
 C700,8
 C701,10
 C702,10
 C703,9
 C704,9
 C705,7
 C706,10
 C707,6
 C708,8
 C709,10
 C710,10
 C711,10
 C712,8
 C713,9
 C714,8
 C715,8
 C716,10
 C717,5
 C718,4
 C719,5
 C720,10
 C721,10
 C722,8
 C723,10
 C724,6
 C725,7
 C726,7
 C727,8
 C728,7
 C729,6
 C730,10
 C731,7
 C732,10
 C733,8
 C734,7
 C735,7
 C736,3
 C737,10
 C738,7
 C739,3
 C740,7
 C741,10
 C742,10
 C743,10
 C744,6
 C745,7
 C746,10
 C747,9
 C748,9
 C749,2
 C750,9
 C751,7
 C752,10
 C753,4
 C754,4
 C755,6
 C756,6
 C757,10
 C758,10
 C759,8
 C760,6
 C761,8
 C762,4
 C763,8
 C764,10
 C765,5
 C766,9
 C767,4
 C768,4
 C769,6
 C770,4
 C771,2
 C772,4
 C773,8
 C774,7
 C775,9
 C776,7
 C777,9
 C778,9
 C779,9
 C780,2
 C781,9
 C782,10
 C783,7
 C784,10
 C785,10
 C786,10
 C787,6
 C788,2
 C789,6
 C790,6
 C791,10
 C792,6
 C793,6
 C794,4
 C795,10
 C796,6
 C797,4
 C798,10
 C799,10
 C800,8
 C801,4
 C802,6
 C803,10
 C804,4
 C805,6
 C806,8
 C807,10
 C808,4
 C809,6
 C810,2
 C811,6
 C812,8
 C813,10
 C814,2
 C815,4
 C816,2
 C817,6
 C818,8
 C819,6
 C820,10
 C821,6
 C822,6
 C823,5
 C824,5
 C825,4
 C826,10
 C827,10
 C828,10
 C829,3
 C830,10
 C831,10
 C832,10
 C833,10
 C834,3
 C835,9
 C836,2
 C837,2
 C838,10
 C839,10
 C840,3
 C841,3
 C842,2
 C843,10
 C844,8
 C845,2
 C846,10
 C847,3
 C848,5
 C849,10
 C850,4
 C851,10
 C852,2
 C853,6
 C854,6
 C855,6
 C856,6
 C857,6
 C858,6
 C859,6
 C860,9
 C861,6
 C862,8
 C863,3
 C864,6
 C865,9
 C866,3
 C867,7
 C868,8
 C869,4
 C870,8
 C871,10
 C872,3
 C873,6
 C874,10
 C875,6
 C876,10
 C877,10
 C878,2
 C879,10
 C880,8
 C881,6
 C882,6
 C883,2
 C884,2
 C885,8
 C886,3
 C887,9
 C888,7
 C889,8
 C890,2
 C891,3
 C892,6
 C893,6
 C894,6
 C895,3
 C896,6
 C897,6
 C898,9
 C899,10
 C900,4
 C901,4
 C902,4
 C903,6
 C904,3
 C905,9
 C906,4
 C907,4
 C908,6
 C909,9
 C910,10
 C911,9
 C912,8
 C913,4
 C914,9
 C915,4
 C916,1
 C917,7
 C918,9
 C919,4
 C920,10
 C921,7
 C922,5
 C923,4
 C924,4
 C925,4
 C926,4
 C927,7
 C928,8
 C929,3
 C930,9
 C931,9
 C932,3
 C933,3
 C934,7
 C935,3
 C936,7
 C937,8
 C938,9
 C939,7
 C940,3
 C941,1
 C942,3
 C943,2
 C944,10
 C945,5
 C946,1
 C947,8
 C948,3
 C949,1
 C950,9
 C951,2
 C952,3
 C953,8
 C954,1
 C955,5
 C956,2
 C957,3
