0,1,2,3
567.0,604.0,0.536470898132841,2.0
187.0,189.0,0.728300763277279,2.0
792.0,819.0,0.7481989422844764,2.0
825.0,850.0,0.7810452571968579,2.0
508.0,557.0,0.9110641405924285,2.0
379.0,402.0,0.9684762078792905,2.0
823.0,848.0,1.1273367767698559,2.0
811.0,960.0,1.1359776771634646,3.0
637.0,639.0,1.1831300168322831,2.0
566.0,603.0,1.1874494880559154,2.0
139.0,144.0,1.3016807476368486,2.0
147.0,165.0,1.3038810960591498,2.0
855.0,897.0,1.3302957560902182,2.0
817.0,965.0,1.4032541214296403,4.0
190.0,204.0,1.4176940345202662,2.0
339.0,357.0,1.4432379908984894,2.0
791.0,820.0,1.556386040011215,2.0
431.0,469.0,1.5603364470774168,2.0
344.0,374.0,1.5878878773451424,2.0
416.0,422.0,1.6041830779015807,2.0
112.0,132.0,1.6190652880114549,2.0
93.0,129.0,1.6369770405597026,2.0
87.0,968.0,1.6808880039659135,3.0
650.0,670.0,1.7450092310377245,2.0
697.0,712.0,1.7494893598180543,2.0
157.0,167.0,1.800631053109044,2.0
789.0,809.0,1.831825046061069,2.0
880.0,885.0,1.8387549708872515,2.0
130.0,146.0,1.8758330374957328,2.0
568.0,587.0,1.8874302005915355,2.0
446.0,447.0,1.8894079614095383,2.0
343.0,973.0,1.9194198031167387,3.0
821.0,971.0,1.9415532603688876,5.0
329.0,336.0,1.943880307346419,2.0
721.0,752.0,1.945988218841583,2.0
906.0,919.0,1.9566412516588194,2.0
955.0,959.0,2.01089461482263,3.0
519.0,561.0,2.021095484248237,2.0
901.0,927.0,2.023956222203055,2.0
407.0,423.0,2.03699131606797,2.0
172.0,371.0,2.060082672496376,2.0
148.0,174.0,2.0618209408510775,2.0
547.0,558.0,2.0865394736533776,2.0
800.0,806.0,2.099723717187616,2.0
277.0,298.0,2.1445826954919016,2.0
220.0,231.0,2.15560474441116,2.0
181.0,185.0,2.178292532473984,2.0
360.0,378.0,2.1836685675740934,2.0
731.0,745.0,2.1975113156553014,2.0
664.0,672.0,2.2200709618207926,2.0
459.0,463.0,2.2435958304564956,2.0
349.0,373.0,2.248124915464073,2.0
600.0,987.0,2.2549951454683157,3.0
247.0,267.0,2.2812185730011256,2.0
86.0,978.0,2.2923398327196125,3.0
695.0,804.0,2.2940687219214246,2.0
644.0,647.0,2.3233288141075965,2.0
864.0,893.0,2.324346823163396,2.0
507.0,555.0,2.325470148497783,2.0
795.0,803.0,2.33341857477472,2.0
915.0,924.0,2.3404825276010017,2.0
579.0,597.0,2.348177433653655,2.0
868.0,985.0,2.3506826762317203,3.0
219.0,452.0,2.361562364204715,2.0
119.0,134.0,2.362233132321053,2.0
465.0,473.0,2.364355943663508,2.0
4.0,74.0,2.3776387300707533,2.0
449.0,467.0,2.3824218673677966,2.0
785.0,799.0,2.3907452319942344,2.0
876.0,879.0,2.418783734086535,2.0
94.0,100.0,2.4195723980906774,2.0
856.0,892.0,2.440994830924833,2.0
164.0,166.0,2.4441758233123365,2.0
572.0,573.0,2.446274249879728,2.0
99.0,111.0,2.4763877935239225,2.0
667.0,679.0,2.5425844997598035,2.0
943.0,956.0,2.547845020247165,2.0
96.0,177.0,2.5568111585882574,2.0
421.0,636.0,2.559088604981597,2.0
690.0,705.0,2.5709140742491727,2.0
306.0,334.0,2.5729973787194274,2.0
194.0,201.0,2.612432397412713,2.0
435.0,988.0,2.6195498998195514,3.0
380.0,400.0,2.624669423808924,2.0
85.0,979.0,2.6248765390632602,3.0
589.0,958.0,2.659118865308444,3.0
853.0,871.0,2.66862889956952,2.0
905.0,921.0,2.6825709954060786,2.0
66.0,67.0,2.690121783359867,2.0
175.0,515.0,2.707215418381317,2.0
409.0,410.0,2.710981864789795,2.0
826.0,828.0,2.7419332192918504,2.0
611.0,631.0,2.7524913196400185,2.0
518.0,521.0,2.7568189941288046,2.0
852.0,961.0,2.76746761245345,3.0
605.0,962.0,2.7894941875451944,3.0
720.0,742.0,2.794401655167871,2.0
413.0,425.0,2.797151578192184,2.0
546.0,548.0,2.820298749616498,2.0
8.0,21.0,2.822412653854738,2.0
223.0,235.0,2.823477682108266,2.0
660.0,678.0,2.8246493459247812,2.0
3.0,25.0,2.8322337979475822,2.0
491.0,504.0,2.8405747943566793,2.0
775.0,781.0,2.8467998585607606,2.0
211.0,225.0,2.860666494113384,2.0
657.0,686.0,2.8932616070554493,2.0
776.0,782.0,2.9091111334754562,2.0
812.0,1017.0,2.921219585727645,3.0
171.0,1047.0,2.924222215117485,3.0
155.0,173.0,2.925059513236128,2.0
275.0,346.0,2.9290915561995714,2.0
798.0,1026.0,2.9398593092303775,3.0
692.0,707.0,2.941064520729936,2.0
273.0,340.0,2.9440232121199514,2.0
434.0,857.0,2.945937698626091,2.0
894.0,898.0,2.947431809743141,2.0
723.0,738.0,2.948833691332078,2.0
89.0,141.0,2.949673898239856,2.0
0.0,98.0,2.951769253308259,2.0
739.0,747.0,2.9541581280301354,2.0
779.0,931.0,2.9617538738721745,2.0
274.0,281.0,2.963099633783209,2.0
531.0,560.0,2.968836321527792,2.0
389.0,401.0,2.985393960943648,2.0
687.0,982.0,3.0029604148396123,3.0
289.0,301.0,3.0069687058785206,2.0
913.0,925.0,3.0090741618726207,2.0
866.0,886.0,3.0097062149100746,2.0
619.0,632.0,3.0323560920694903,2.0
936.0,937.0,3.041719929113587,2.0
726.0,741.0,3.0707755108981387,2.0
224.0,238.0,3.0711044241347154,2.0
524.0,740.0,3.082559521915787,2.0
35.0,43.0,3.086042320020582,2.0
861.0,881.0,3.11246438221275,2.0
625.0,629.0,3.1179524186070484,2.0
254.0,331.0,3.130009285356944,2.0
276.0,291.0,3.131018719592819,2.0
479.0,665.0,3.170653121489046,2.0
645.0,648.0,3.190698007862134,2.0
65.0,950.0,3.191005161808045,2.0
433.0,438.0,3.2178992471351484,2.0
424.0,954.0,3.2280781860604026,2.0
408.0,411.0,3.2292070979548013,2.0
832.0,843.0,3.247200263268066,2.0
755.0,758.0,3.248982354862819,2.0
867.0,895.0,3.2541947511280664,2.0
673.0,953.0,3.255747631904578,2.0
458.0,470.0,3.256302716377939,2.0
653.0,676.0,3.258484019535739,2.0
290.0,300.0,3.2646545520181505,2.0
101.0,105.0,3.2669144402017336,2.0
928.0,1002.0,3.269389054990426,3.0
635.0,977.0,3.289536671529202,3.0
769.0,918.0,3.2903468873315895,2.0
975.0,1008.0,3.3003341166648,4.0
710.0,743.0,3.3036204159079396,2.0
671.0,680.0,3.309520702448419,2.0
929.0,933.0,3.3101070995236967,2.0
372.0,377.0,3.3223194640350644,2.0
46.0,69.0,3.323105150913042,2.0
33.0,47.0,3.327818372453152,2.0
10.0,16.0,3.336360760826645,2.0
354.0,366.0,3.3381114638512774,2.0
767.0,1065.0,3.3433914054414697,3.0
969.0,999.0,3.35014665129262,4.0
210.0,237.0,3.3506684326331455,2.0
56.0,82.0,3.360185181929797,2.0
771.0,780.0,3.3656488833341522,2.0
618.0,909.0,3.373781137029086,2.0
12.0,14.0,3.403484582946967,2.0
663.0,666.0,3.41026540414521,2.0
417.0,957.0,3.4112508383113065,2.0
598.0,617.0,3.411823982114859,2.0
436.0,457.0,3.413151891132371,2.0
288.0,311.0,3.4132902799585048,2.0
308.0,352.0,3.413817390262322,2.0
207.0,415.0,3.4236389863404817,2.0
106.0,136.0,3.4248929294915147,2.0
156.0,912.0,3.4334167139005105,2.0
213.0,239.0,3.4489533019568377,2.0
525.0,542.0,3.4515024140393153,2.0
20.0,80.0,3.454687899561119,2.0
353.0,369.0,3.455457900815641,2.0
355.0,359.0,3.4557164169085177,2.0
970.0,1029.0,3.456468846780868,4.0
862.0,1020.0,3.4574284922144396,4.0
505.0,522.0,3.4700292385984546,2.0
430.0,461.0,3.4742153040705595,2.0
92.0,904.0,3.482257544976144,2.0
328.0,370.0,3.4911234288249737,2.0
32.0,601.0,3.4958967869934945,2.0
626.0,941.0,3.5048093823042596,2.0
837.0,845.0,3.508380125004254,2.0
150.0,168.0,3.5087398444775793,2.0
851.0,877.0,3.5185505083759803,2.0
286.0,512.0,3.5201781578945623,2.0
570.0,591.0,3.530321739359899,2.0
280.0,991.0,3.545895910828004,3.0
910.0,920.0,3.5463903655441618,2.0
338.0,1080.0,3.547421842849039,3.0
946.0,949.0,3.549440384477312,2.0
28.0,39.0,3.5505456849599053,2.0
52.0,55.0,3.5649617362047183,2.0
874.0,1027.0,3.5656190792664058,3.0
506.0,1000.0,3.570579976531868,3.0
581.0,584.0,3.5724679022780785,2.0
11.0,23.0,3.5775317188320406,2.0
348.0,1016.0,3.5888532110837454,3.0
662.0,685.0,3.592584993085006,2.0
131.0,161.0,3.5946622145550844,2.0
5.0,19.0,3.5959468662422567,2.0
787.0,807.0,3.6149006325944764,2.0
536.0,1140.0,3.6250184532134875,3.0
441.0,475.0,3.6254578298798505,2.0
36.0,78.0,3.6275334498769665,2.0
654.0,691.0,3.6286331586030127,2.0
292.0,296.0,3.6315902743793,2.0
659.0,1037.0,3.6380266306256615,3.0
511.0,520.0,3.640464755296042,2.0
428.0,429.0,3.647118613807364,2.0
38.0,83.0,3.6590132803255,2.0
179.0,356.0,3.6636167828747204,2.0
656.0,1007.0,3.6638655086518903,3.0
694.0,709.0,3.6678037447582628,2.0
681.0,684.0,3.67810427998002,2.0
725.0,728.0,3.6894636531133598,2.0
533.0,554.0,3.6922978723307995,2.0
1030.0,1124.0,3.6989986899140903,6.0
966.0,1014.0,3.7121206573584242,4.0
406.0,997.0,3.7192361276584607,3.0
689.0,708.0,3.7248870916875743,2.0
287.0,302.0,3.746488293383176,2.0
989.0,998.0,3.7498345966293662,5.0
839.0,846.0,3.752203737435741,2.0
248.0,1063.0,3.7580785353143695,3.0
577.0,595.0,3.76369921242553,2.0
295.0,1149.0,3.764852112338338,3.0
526.0,1081.0,3.7666489547680544,3.0
532.0,541.0,3.773161785268201,2.0
29.0,477.0,3.788795673829036,2.0
326.0,330.0,3.794458216857754,2.0
784.0,1070.0,3.7991306060797596,4.0
440.0,445.0,3.815327140515902,2.0
116.0,120.0,3.815648862342364,2.0
513.0,523.0,3.81778695557006,2.0
271.0,303.0,3.82385586490525,2.0
49.0,125.0,3.831840905530766,2.0
615.0,623.0,3.8394056984976426,2.0
711.0,730.0,3.8435165338178674,2.0
110.0,145.0,3.844703104005692,2.0
609.0,754.0,3.847350723701734,2.0
262.0,269.0,3.84851989376407,2.0
1101.0,1179.0,3.857330893906689,4.0
391.0,393.0,3.861044948300185,2.0
236.0,1003.0,3.8819205037314184,3.0
437.0,462.0,3.88747662780293,2.0
246.0,930.0,3.887614697087379,2.0
34.0,215.0,3.8891464486559757,2.0
714.0,822.0,3.8908672657203813,2.0
527.0,559.0,3.9008058258457763,2.0
899.0,1154.0,3.915883112964869,3.0
233.0,942.0,3.916723139223271,2.0
757.0,773.0,3.917869052423736,2.0
847.0,849.0,3.9216632659902233,2.0
153.0,364.0,3.9237891585330935,2.0
717.0,759.0,3.9243630598878454,2.0
516.0,517.0,3.9291806124860917,2.0
539.0,544.0,3.9357366617833565,2.0
699.0,701.0,3.9371558828473168,2.0
382.0,386.0,3.941721021459302,2.0
77.0,109.0,3.9519332384616455,2.0
385.0,610.0,3.9566757934322734,2.0
432.0,460.0,3.963196517035975,2.0
451.0,1021.0,3.9674039494129323,3.0
669.0,1168.0,3.9690147415813644,3.0
439.0,1035.0,3.9728757618838966,3.0
882.0,1015.0,3.9850816748587055,3.0
488.0,496.0,3.9871199221549656,2.0
257.0,261.0,3.9947206367563344,2.0
790.0,805.0,4.0024573276648505,2.0
60.0,1126.0,4.003715240049408,3.0
251.0,312.0,4.014311299904638,2.0
793.0,815.0,4.020194676201396,2.0
732.0,794.0,4.0276274562421435,2.0
315.0,319.0,4.028400197227294,2.0
788.0,816.0,4.046489972458525,2.0
180.0,182.0,4.048999454034554,2.0
575.0,593.0,4.057094336998988,2.0
158.0,170.0,4.0578988567018985,2.0
727.0,762.0,4.0586249384935265,2.0
858.0,859.0,4.059903204876606,2.0
1013.0,1052.0,4.062148274052409,5.0
212.0,1181.0,4.0637749150205495,3.0
529.0,564.0,4.07668163307387,2.0
345.0,900.0,4.095957159520288,2.0
240.0,243.0,4.096259100993177,2.0
443.0,456.0,4.100967281203799,2.0
40.0,51.0,4.103232509209224,2.0
602.0,765.0,4.105318409011081,2.0
774.0,1128.0,4.122637396657901,3.0
1036.0,1048.0,4.128996244702916,4.0
514.0,1231.0,4.1371099135607,3.0
44.0,1092.0,4.139121925462581,3.0
658.0,677.0,4.14898252125517,2.0
324.0,1069.0,4.149741352765908,3.0
95.0,1076.0,4.150787022483939,3.0
41.0,1046.0,4.1521780642872965,3.0
245.0,594.0,4.155405339404996,2.0
813.0,1049.0,4.165608048100056,3.0
384.0,1073.0,4.182299385599402,3.0
376.0,394.0,4.196752518188697,2.0
368.0,540.0,4.200737743839406,2.0
444.0,472.0,4.208564762486045,2.0
361.0,1264.0,4.220100101302064,4.0
367.0,1143.0,4.226239181786192,3.0
256.0,264.0,4.234542333476945,2.0
184.0,186.0,4.2347283613793385,2.0
152.0,563.0,4.241500428051435,2.0
6.0,388.0,4.241501588243295,2.0
90.0,214.0,4.253536564653404,2.0
383.0,1041.0,4.26275910778868,3.0
412.0,466.0,4.263144466223515,2.0
149.0,159.0,4.2680535697612765,2.0
829.0,844.0,4.277544713301063,2.0
649.0,951.0,4.28278362994911,2.0
571.0,592.0,4.283706856233948,2.0
646.0,952.0,4.296074335735766,2.0
387.0,613.0,4.303113202743406,2.0
926.0,993.0,4.304371830888509,3.0
313.0,335.0,4.306864036233609,2.0
483.0,501.0,4.31035891974527,2.0
62.0,72.0,4.311175858860117,2.0
226.0,230.0,4.313137185681838,2.0
713.0,981.0,4.31599339484991,3.0
68.0,272.0,4.321138463502866,2.0
108.0,126.0,4.326933414312197,2.0
199.0,640.0,4.333484484417092,2.0
704.0,736.0,4.335149549235087,2.0
70.0,97.0,4.338168672378535,2.0
188.0,932.0,4.346620016397233,2.0
102.0,123.0,4.352299675504589,2.0
316.0,321.0,4.3590785797597515,2.0
746.0,1054.0,4.360743765196852,3.0
842.0,1152.0,4.366789638556716,3.0
768.0,770.0,4.369144552386074,2.0
347.0,375.0,4.3815589636577235,2.0
221.0,278.0,4.38582007142781,2.0
543.0,1186.0,4.3976973664467565,3.0
530.0,1056.0,4.401356546109087,3.0
749.0,1034.0,4.402012800373796,3.0
476.0,487.0,4.405852749635843,2.0
115.0,1012.0,4.4192663583760705,4.0
1173.0,1252.0,4.421676743763457,5.0
322.0,332.0,4.422798191505931,2.0
427.0,1055.0,4.431629355357293,3.0
48.0,71.0,4.443069233395023,2.0
833.0,838.0,4.445939117736079,2.0
341.0,1038.0,4.448864729015042,3.0
896.0,1184.0,4.453708687985882,3.0
61.0,81.0,4.457577849762928,2.0
160.0,1094.0,4.457812085776556,3.0
63.0,1099.0,4.459509362810218,3.0
284.0,297.0,4.461673372154573,2.0
64.0,1206.0,4.463767995488097,3.0
493.0,495.0,4.468587829016032,2.0
474.0,1312.0,4.469640188793589,6.0
282.0,285.0,4.469791547270611,2.0
1005.0,1259.0,4.473830663845035,5.0
118.0,137.0,4.477905150598138,2.0
381.0,994.0,4.485881975503714,4.0
305.0,314.0,4.501445149049981,2.0
569.0,588.0,4.501836356920509,2.0
534.0,551.0,4.504201351689105,2.0
79.0,1120.0,4.506576563414394,3.0
777.0,1062.0,4.51043035850756,3.0
608.0,1199.0,4.517373403530116,3.0
358.0,583.0,4.52170846006068,2.0
1138.0,1150.0,4.532390434011964,4.0
478.0,661.0,4.536415476008495,2.0
91.0,337.0,4.563365838679513,2.0
509.0,1216.0,4.564514699478251,3.0
586.0,1200.0,4.565799824956566,3.0
836.0,1103.0,4.585778745859554,3.0
872.0,888.0,4.5860107023170595,2.0
643.0,764.0,4.587297722061027,2.0
57.0,140.0,4.591024131597182,2.0
58.0,1323.0,4.592891211412064,4.0
651.0,1279.0,4.604339250123613,3.0
250.0,510.0,4.612316679162449,2.0
455.0,1255.0,4.615412009216837,3.0
191.0,206.0,4.622165237350106,2.0
674.0,1033.0,4.63299893614804,3.0
585.0,760.0,4.63305219617284,2.0
606.0,1261.0,4.648375274587285,4.0
903.0,1325.0,4.651099765662024,7.0
203.0,1039.0,4.66060715781214,3.0
293.0,333.0,4.660997783622976,2.0
392.0,1246.0,4.681910164076119,3.0
117.0,121.0,4.69665075730232,2.0
228.0,1125.0,4.711014780741732,3.0
107.0,914.0,4.713311727516666,2.0
30.0,1194.0,4.713660126833288,4.0
1146.0,1277.0,4.7154191552165035,4.0
883.0,890.0,4.715583618880406,2.0
802.0,1239.0,4.720542969369907,3.0
655.0,1059.0,4.724493034817786,3.0
419.0,1131.0,4.7268687516268555,3.0
307.0,342.0,4.727777214170898,2.0
612.0,824.0,4.730465987817864,2.0
390.0,1162.0,4.732317085943284,3.0
642.0,1160.0,4.733189995357677,3.0
1218.0,1318.0,4.741959016960168,5.0
938.0,1079.0,4.763729892168686,3.0
696.0,715.0,4.764904798410774,2.0
481.0,486.0,4.765412460852082,2.0
556.0,995.0,4.7676412554157315,3.0
500.0,761.0,4.770128931404727,2.0
1031.0,1097.0,4.772141955572626,4.0
722.0,992.0,4.778091125375505,3.0
294.0,1244.0,4.78474691820365,3.0
974.0,1201.0,4.785849052499499,6.0
362.0,1213.0,4.798592407743771,3.0
860.0,1111.0,4.804937966816047,4.0
878.0,1303.0,4.805701469292202,4.0
719.0,1348.0,4.809603193053728,3.0
963.0,1082.0,4.810708883897525,4.0
128.0,327.0,4.810888470431166,2.0
127.0,1110.0,4.8146436891277276,3.0
652.0,922.0,4.822927013939513,2.0
260.0,265.0,4.823941553796083,2.0
620.0,622.0,4.834060558887578,2.0
234.0,241.0,4.836349257072384,2.0
494.0,502.0,4.841403168564421,2.0
122.0,124.0,4.841621040509755,2.0
1183.0,1190.0,4.8436611415723325,4.0
418.0,944.0,4.849738174394874,2.0
244.0,1267.0,4.864679155296802,3.0
948.0,1241.0,4.865202633490353,3.0
178.0,718.0,4.865639330923996,2.0
198.0,209.0,4.873429109213617,2.0
299.0,1134.0,4.877884934243982,3.0
414.0,940.0,4.878170800634808,2.0
448.0,1040.0,4.887572251607927,4.0
733.0,735.0,4.890970229882196,2.0
398.0,1287.0,4.892118188815815,3.0
73.0,1243.0,4.908297114974982,3.0
318.0,1301.0,4.911753320080719,3.0
503.0,1198.0,4.914700011861652,3.0
103.0,133.0,4.919533756647123,2.0
323.0,325.0,4.9216001718295646,2.0
263.0,1238.0,4.923118221189198,3.0
693.0,706.0,4.927188959181152,2.0
176.0,834.0,4.9364489099402675,2.0
628.0,783.0,4.941467183779567,2.0
545.0,1299.0,4.941580640223234,3.0
753.0,1280.0,4.942007822797972,4.0
453.0,1256.0,4.946021813147141,3.0
113.0,471.0,4.94642792245239,2.0
59.0,104.0,4.953493506282497,2.0
870.0,873.0,4.957291844354936,2.0
574.0,1195.0,4.959035076215206,3.0
218.0,396.0,4.970359017858628,2.0
169.0,1282.0,4.9717763922472535,3.0
309.0,1191.0,4.984651682374064,3.0
197.0,1098.0,4.988722413195192,3.0
810.0,1174.0,5.01174608895852,3.0
831.0,1316.0,5.012147668288169,3.0
797.0,1225.0,5.013666826309874,3.0
1028.0,1354.0,5.014307839935104,9.0
26.0,869.0,5.026523968011737,2.0
621.0,945.0,5.0339151221776826,2.0
75.0,252.0,5.035527590363277,2.0
917.0,1158.0,5.040408171720099,3.0
154.0,983.0,5.057151605917999,3.0
891.0,1250.0,5.076620551279901,3.0
599.0,1285.0,5.085290343735254,3.0
464.0,1025.0,5.092042526366912,3.0
702.0,1411.0,5.10090730656605,3.0
497.0,1061.0,5.133282043486595,3.0
683.0,1271.0,5.134305509037666,3.0
249.0,258.0,5.153251473103008,2.0
279.0,320.0,5.159798885028406,2.0
1077.0,1353.0,5.168324086315661,6.0
480.0,535.0,5.200582882605789,2.0
270.0,1412.0,5.210809433154881,3.0
195.0,748.0,5.213136357534024,2.0
923.0,1018.0,5.235007543048824,3.0
304.0,1176.0,5.243435799087426,3.0
405.0,756.0,5.250043607406293,2.0
227.0,1090.0,5.2535982923621,3.0
1278.0,1335.0,5.256273697859511,5.0
255.0,1205.0,5.26129377351827,3.0
616.0,1414.0,5.264036056139731,4.0
351.0,1217.0,5.271482068262349,3.0
935.0,1320.0,5.275560033058023,4.0
53.0,1180.0,5.290713910747158,3.0
76.0,217.0,5.291610610817699,2.0
1235.0,1418.0,5.314184162042062,5.0
688.0,830.0,5.314362399744688,2.0
1115.0,1208.0,5.329394560388703,4.0
404.0,766.0,5.3314535488115435,2.0
630.0,1417.0,5.345455013573739,3.0
538.0,1327.0,5.357328702441859,6.0
1010.0,1273.0,5.358057845519951,7.0
1032.0,1328.0,5.358897725696584,4.0
222.0,1274.0,5.3657458819560295,4.0
163.0,841.0,5.366361771646906,2.0
1360.0,1456.0,5.369889218038709,4.0
1064.0,1263.0,5.384296422038639,4.0
395.0,1212.0,5.391449022533715,5.0
1210.0,1442.0,5.392194812007807,8.0
114.0,1276.0,5.404216245852422,3.0
1170.0,1315.0,5.418242272115006,4.0
1344.0,1413.0,5.425505661519914,4.0
1424.0,1454.0,5.437744030085025,7.0
468.0,1281.0,5.439765854562032,3.0
582.0,596.0,5.45051390416735,2.0
7.0,1384.0,5.457226070513595,4.0
37.0,54.0,5.470441749338457,2.0
397.0,1305.0,5.472762317909012,3.0
1122.0,1224.0,5.480506995347216,4.0
1060.0,1265.0,5.481992346829068,5.0
151.0,939.0,5.482862840533152,2.0
976.0,1139.0,5.484263576888615,4.0
724.0,1381.0,5.502768912525453,4.0
750.0,1245.0,5.504171076225807,3.0
1089.0,1091.0,5.507687605453284,4.0
138.0,317.0,5.523135442009385,2.0
633.0,1421.0,5.541894448457862,3.0
9.0,22.0,5.5474617245156335,2.0
682.0,911.0,5.55254310544844,2.0
537.0,552.0,5.558004427209333,2.0
565.0,1253.0,5.562310236683822,3.0
135.0,1068.0,5.567962502664856,3.0
578.0,1396.0,5.575629052289797,4.0
796.0,1242.0,5.581263688902863,3.0
1022.0,1393.0,5.581550559650676,4.0
1066.0,1380.0,5.583175018010915,9.0
1363.0,1383.0,5.604349107442133,6.0
827.0,1268.0,5.605389038825815,4.0
1193.0,1426.0,5.6175070416796435,5.0
1247.0,1377.0,5.617786477843908,6.0
703.0,778.0,5.619403573419571,2.0
442.0,1369.0,5.627730980855695,4.0
1113.0,1127.0,5.62998513130773,4.0
737.0,751.0,5.6347820434314215,2.0
1167.0,1204.0,5.636791883345659,5.0
863.0,907.0,5.646470753445483,2.0
840.0,1086.0,5.650068562587103,3.0
772.0,1304.0,5.654013457269823,3.0
143.0,1300.0,5.654585240778001,3.0
253.0,268.0,5.655512903670817,2.0
1050.0,1107.0,5.672168343078693,4.0
1133.0,1436.0,5.676803499926683,5.0
580.0,1156.0,5.694130198043493,3.0
88.0,984.0,5.6997255202939145,3.0
1294.0,1429.0,5.7015241476052365,4.0
675.0,1427.0,5.705360567277579,4.0
1322.0,1431.0,5.706557932087833,4.0
698.0,700.0,5.70941804077718,2.0
1044.0,1340.0,5.714833013408565,5.0
1148.0,1428.0,5.715773245713581,11.0
1371.0,1437.0,5.745364347561625,8.0
550.0,562.0,5.748228954552651,2.0
1071.0,1147.0,5.753789797174825,4.0
485.0,889.0,5.758663451716489,2.0
283.0,1441.0,5.760993551838161,3.0
964.0,1368.0,5.7618497221298925,4.0
814.0,1087.0,5.763873654765585,3.0
1338.0,1357.0,5.769567879034864,5.0
15.0,1472.0,5.770072407735212,5.0
420.0,1366.0,5.773343477187742,4.0
27.0,1465.0,5.781900557013269,5.0
50.0,1298.0,5.806104561014664,3.0
634.0,641.0,5.807282965309847,2.0
916.0,1045.0,5.829451840391218,3.0
162.0,1153.0,5.834943986462608,3.0
1118.0,1135.0,5.861172318870385,4.0
716.0,1228.0,5.861949011462909,3.0
1209.0,1487.0,5.868144748045285,4.0
18.0,1129.0,5.87245518676985,3.0
1388.0,1439.0,5.893035240928753,5.0
1450.0,1457.0,5.898502453572102,10.0
1237.0,1484.0,5.920829611429503,6.0
310.0,549.0,5.927366534895243,2.0
818.0,1471.0,5.933322760351079,4.0
1108.0,1234.0,5.941267741857222,5.0
1211.0,1330.0,5.945113568772374,4.0
1345.0,1404.0,5.960291006118737,5.0
835.0,1466.0,5.986267790778395,3.0
183.0,627.0,5.988366477694148,2.0
1163.0,1220.0,5.990340186709812,6.0
24.0,1508.0,5.995849014678455,4.0
1137.0,1230.0,6.010640169916569,4.0
1292.0,1461.0,6.012445661178124,5.0
808.0,1001.0,6.021952469809233,3.0
492.0,1374.0,6.025049220631291,3.0
614.0,1502.0,6.0347218570092656,3.0
31.0,1269.0,6.04572821816339,4.0
192.0,232.0,6.049120349665094,2.0
1078.0,1485.0,6.060120927783746,5.0
363.0,934.0,6.064677187201939,2.0
528.0,1307.0,6.065208993442949,4.0
1161.0,1175.0,6.08274547410471,4.0
1314.0,1395.0,6.095767812307288,5.0
1288.0,1306.0,6.103931881765445,5.0
1051.0,1376.0,6.108364829797985,4.0
1337.0,1480.0,6.109818073271118,8.0
1453.0,1521.0,6.110287894447226,14.0
17.0,887.0,6.113119601430708,2.0
45.0,1408.0,6.119984954100038,3.0
1024.0,1398.0,6.136082777992863,4.0
1009.0,1462.0,6.138279401544047,8.0
624.0,1075.0,6.138397606398342,3.0
854.0,1382.0,6.155472287321091,5.0
875.0,1236.0,6.155541626901827,4.0
996.0,1088.0,6.156389152859276,4.0
1203.0,1358.0,6.162612871127143,4.0
1177.0,1566.0,6.1786109751455465,7.0
1444.0,1529.0,6.190620989262048,8.0
980.0,986.0,6.196694123327575,5.0
1141.0,1341.0,6.1972222901442215,5.0
1425.0,1520.0,6.20668158929503,8.0
399.0,1445.0,6.213243421276744,3.0
1121.0,1362.0,6.213249059749006,6.0
42.0,1517.0,6.217734209640974,5.0
1105.0,1518.0,6.226661858373962,6.0
450.0,1532.0,6.238656985501406,6.0
1254.0,1470.0,6.240796075277052,10.0
1361.0,1405.0,6.244746218701428,7.0
1309.0,1498.0,6.258886973423726,9.0
84.0,1333.0,6.267199806794989,4.0
490.0,1310.0,6.274830541780436,3.0
1229.0,1477.0,6.2847513500013505,6.0
242.0,744.0,6.286659325446265,2.0
1347.0,1568.0,6.28951531049738,17.0
216.0,266.0,6.307381864121221,2.0
1100.0,1512.0,6.3077083389084985,6.0
1448.0,1595.0,6.337397720829557,19.0
1130.0,1443.0,6.340755198658929,4.0
1433.0,1482.0,6.348697946331399,5.0
1185.0,1540.0,6.34882696474744,5.0
403.0,1525.0,6.364977157138627,3.0
908.0,1545.0,6.405385911715721,5.0
205.0,1350.0,6.409693676851837,3.0
947.0,1284.0,6.417951864150295,3.0
1119.0,1319.0,6.430119162514261,4.0
865.0,1084.0,6.431776138560423,3.0
1215.0,1233.0,6.446312052547588,5.0
902.0,1053.0,6.448435377641429,4.0
1356.0,1490.0,6.459833192866274,4.0
1503.0,1516.0,6.462536531624452,8.0
13.0,1240.0,6.466530553410518,4.0
1452.0,1460.0,6.508610065993217,6.0
1093.0,1145.0,6.508796372242894,6.0
1554.0,1587.0,6.509805937297869,11.0
1409.0,1493.0,6.515205082299396,5.0
229.0,1585.0,6.515898834092151,6.0
484.0,553.0,6.522411998095767,2.0
350.0,1552.0,6.5315852176817035,5.0
668.0,1541.0,6.537804828039824,6.0
1222.0,1352.0,6.544228854468962,4.0
1123.0,1171.0,6.5556222161095254,5.0
489.0,1549.0,6.560710030241753,4.0
1266.0,1567.0,6.595207781309982,11.0
763.0,1458.0,6.614984704846039,3.0
1112.0,1114.0,6.6382860715710255,7.0
1403.0,1505.0,6.644358918403629,4.0
1297.0,1594.0,6.644654147576196,4.0
1202.0,1501.0,6.664617861359152,8.0
1172.0,1523.0,6.665642428602883,5.0
729.0,1302.0,6.667055486731805,4.0
1057.0,1581.0,6.677914287172427,7.0
1415.0,1588.0,6.690261314698221,14.0
590.0,1617.0,6.691688438820685,7.0
1072.0,1096.0,6.722154270256516,4.0
1399.0,1531.0,6.73452243781168,6.0
365.0,1219.0,6.736746011135088,3.0
200.0,1623.0,6.7539167841363135,5.0
1249.0,1365.0,6.764356833104384,5.0
786.0,1519.0,6.771102724057311,3.0
1019.0,1476.0,6.78905431820649,4.0
482.0,1605.0,6.79196943517872,4.0
1420.0,1488.0,6.824111198821713,6.0
1334.0,1548.0,6.833297797295252,8.0
1544.0,1570.0,6.836935161618707,5.0
1136.0,1593.0,6.842428267046766,8.0
1178.0,1332.0,6.843886153420061,4.0
1006.0,1494.0,6.879016527520786,6.0
1430.0,1440.0,6.891758046883358,4.0
426.0,801.0,6.903191917865119,2.0
1109.0,1331.0,6.912953898068992,4.0
1085.0,1291.0,6.920873869063862,4.0
1164.0,1375.0,6.942774039740259,6.0
196.0,202.0,6.95181193078187,2.0
1563.0,1598.0,6.956093950908944,23.0
1095.0,1386.0,6.959018534198915,4.0
1507.0,1638.0,6.977122572675305,7.0
734.0,1627.0,7.001232842875647,5.0
1262.0,1586.0,7.005265979758772,9.0
1583.0,1599.0,7.029147375281314,7.0
1132.0,1611.0,7.0318939749129905,10.0
1543.0,1601.0,7.03430195480995,11.0
1569.0,1602.0,7.053849027749707,5.0
259.0,1468.0,7.056260258173445,5.0
607.0,1463.0,7.0645927263897095,8.0
1367.0,1616.0,7.065252172112395,7.0
1578.0,1584.0,7.071042430875499,13.0
208.0,1550.0,7.086926262962563,3.0
1390.0,1473.0,7.094897357553923,6.0
1464.0,1561.0,7.10783533150719,6.0
1542.0,1629.0,7.109157104780255,18.0
2.0,1634.0,7.14018245877753,8.0
1102.0,1475.0,7.1426629681081355,5.0
1182.0,1515.0,7.1515293141944545,6.0
1373.0,1394.0,7.16650163859199,6.0
1389.0,1670.0,7.175089666992987,8.0
142.0,1606.0,7.1832008583116,5.0
1491.0,1556.0,7.1958446796814295,5.0
1257.0,1648.0,7.210863278399697,8.0
576.0,1641.0,7.21857123927158,5.0
1558.0,1622.0,7.219328213435386,9.0
1467.0,1579.0,7.225939581333042,12.0
1511.0,1656.0,7.235458188134061,6.0
884.0,1547.0,7.264696731107316,5.0
967.0,1576.0,7.26681588815731,6.0
1275.0,1410.0,7.278828032602431,5.0
1166.0,1455.0,7.304065653247368,5.0
1155.0,1589.0,7.315913827934999,9.0
1223.0,1527.0,7.33948068194587,6.0
1207.0,1504.0,7.363868931482659,6.0
1258.0,1435.0,7.378181261237204,5.0
1401.0,1636.0,7.379450755832337,8.0
1603.0,1615.0,7.391595374866134,16.0
1290.0,1662.0,7.392720162978636,13.0
1451.0,1651.0,7.425691720247498,7.0
1596.0,1619.0,7.426590225413386,7.0
1522.0,1639.0,7.426718352572628,13.0
1419.0,1575.0,7.427895030733708,6.0
1324.0,1326.0,7.432240460217953,4.0
1342.0,1635.0,7.436639201350751,7.0
990.0,1293.0,7.4619836460256215,8.0
1165.0,1336.0,7.4663559441531975,4.0
638.0,1286.0,7.5065802428362804,3.0
1474.0,1478.0,7.516667206536318,9.0
1379.0,1607.0,7.548277214590486,6.0
1144.0,1571.0,7.561293234256293,8.0
1067.0,1582.0,7.570870861628896,11.0
1495.0,1533.0,7.571469893238053,6.0
1422.0,1676.0,7.576213024056562,11.0
1.0,1667.0,7.584465677823899,14.0
1644.0,1659.0,7.592543180714739,17.0
1011.0,1196.0,7.6069813292155795,5.0
1618.0,1660.0,7.638462398811243,9.0
1227.0,1562.0,7.660283473592737,6.0
498.0,1668.0,7.69034489200552,4.0
1272.0,1528.0,7.703701963599456,5.0
1117.0,1577.0,7.715901085316374,6.0
1351.0,1546.0,7.719029520839506,8.0
1613.0,1693.0,7.738943640550319,22.0
1116.0,1559.0,7.754217402311711,4.0
1506.0,1597.0,7.77630498557122,11.0
454.0,1650.0,7.787559550115626,3.0
1214.0,1400.0,7.8038887244168285,6.0
1446.0,1610.0,7.80519789043155,7.0
1372.0,1612.0,7.817460425543471,7.0
1643.0,1687.0,7.821922663179914,11.0
1043.0,1192.0,7.8409369955159525,8.0
1283.0,1625.0,7.847655828788106,5.0
1573.0,1632.0,7.864083309746508,10.0
1321.0,1530.0,7.885902118151744,8.0
1339.0,1526.0,7.890873543685773,5.0
1296.0,1654.0,7.891532622239204,4.0
1058.0,1449.0,7.928665924609455,5.0
1620.0,1699.0,7.952184809818873,10.0
1355.0,1708.0,7.957771786257847,9.0
1188.0,1590.0,7.989982498172767,13.0
1539.0,1645.0,8.015842000897408,9.0
1189.0,1681.0,8.03511436587384,12.0
1489.0,1661.0,8.059169217386453,12.0
1270.0,1572.0,8.063529180028953,10.0
1416.0,1514.0,8.081513451415523,6.0
1459.0,1500.0,8.082529584745297,9.0
499.0,1248.0,8.106726265682118,3.0
1633.0,1655.0,8.142183329786807,37.0
1663.0,1672.0,8.167512105154788,13.0
1074.0,1535.0,8.184142231345449,5.0
1397.0,1666.0,8.202590213246777,10.0
1649.0,1669.0,8.24205605648892,10.0
1142.0,1716.0,8.250826625933138,7.0
1406.0,1555.0,8.252501182166252,6.0
1370.0,1469.0,8.27686960834455,8.0
1221.0,1557.0,8.31483621415279,5.0
1513.0,1608.0,8.320170905719452,10.0
972.0,1378.0,8.333039674802418,5.0
1023.0,1289.0,8.350366994301512,4.0
1329.0,1609.0,8.373565136448171,8.0
1574.0,1674.0,8.394351069272414,11.0
1106.0,1728.0,8.404211461930508,7.0
1391.0,1640.0,8.408610424861989,5.0
1447.0,1695.0,8.423923485355909,10.0
1157.0,1705.0,8.534539949543671,9.0
1657.0,1730.0,8.536591418545093,15.0
1151.0,1438.0,8.544197594420954,5.0
1536.0,1537.0,8.549387378748207,7.0
1226.0,1685.0,8.572104299445437,8.0
1538.0,1742.0,8.583824961737943,12.0
1624.0,1711.0,8.602653843719377,28.0
1565.0,1701.0,8.622847902301128,13.0
1637.0,1748.0,8.635468091656222,13.0
1407.0,1746.0,8.66354221160358,8.0
1628.0,1722.0,8.798279016320878,7.0
1479.0,1715.0,8.848668172078433,7.0
1313.0,1696.0,8.91168575810605,9.0
1652.0,1739.0,8.914063683679295,16.0
1697.0,1720.0,8.941694890474931,17.0
1679.0,1767.0,8.999589871528604,36.0
1678.0,1752.0,9.000005894209707,10.0
1295.0,1677.0,9.038047638626661,7.0
1308.0,1630.0,9.0390178887708,8.0
1642.0,1743.0,9.04488538920854,7.0
1343.0,1762.0,9.142449643830588,17.0
1434.0,1688.0,9.14381280864983,12.0
1682.0,1734.0,9.150171067683582,22.0
1481.0,1744.0,9.152780107991198,42.0
1665.0,1738.0,9.156666299565444,20.0
1725.0,1726.0,9.165803546390242,18.0
1349.0,1694.0,9.2136452103699,16.0
1684.0,1750.0,9.220937961599423,11.0
1735.0,1775.0,9.23865023674292,26.0
1664.0,1783.0,9.257360922371438,27.0
1709.0,1773.0,9.311591025781466,20.0
1534.0,1691.0,9.336629963804786,7.0
1524.0,1646.0,9.342022488220472,12.0
1159.0,1700.0,9.358008509023385,10.0
1483.0,1784.0,9.382672203940707,46.0
1317.0,1723.0,9.386072164764968,9.0
1724.0,1790.0,9.440977480572524,34.0
1232.0,1712.0,9.454458985220928,7.0
1741.0,1769.0,9.461862235977188,19.0
1197.0,1621.0,9.47533570009378,7.0
1647.0,1753.0,9.476590527991297,14.0
1392.0,1496.0,9.488950707652025,6.0
1675.0,1759.0,9.502093719870029,11.0
1689.0,1727.0,9.568780150208982,14.0
1359.0,1754.0,9.584167721393051,8.0
1387.0,1786.0,9.661687730289866,21.0
1764.0,1782.0,9.680592918250742,19.0
1551.0,1698.0,9.761698276938649,12.0
1719.0,1774.0,9.766814077630393,38.0
1749.0,1755.0,9.779688440478536,11.0
1510.0,1714.0,9.848939707448917,9.0
1671.0,1731.0,9.8744295246045,23.0
1169.0,1781.0,9.885343180980348,19.0
1658.0,1803.0,9.948624177078877,16.0
1673.0,1779.0,9.95521934032378,13.0
1721.0,1729.0,10.020164650659456,21.0
1423.0,1777.0,10.04314627485139,13.0
1104.0,1509.0,10.064113560575022,5.0
1780.0,1802.0,10.090138448937093,13.0
1492.0,1763.0,10.132218512246762,8.0
1560.0,1810.0,10.136630633247275,16.0
1787.0,1800.0,10.191805376914916,23.0
1686.0,1770.0,10.216377611260587,13.0
1486.0,1792.0,10.384622133763788,11.0
1707.0,1807.0,10.414906485332144,30.0
1692.0,1771.0,10.427623136378703,15.0
1757.0,1785.0,10.532362269497668,31.0
1680.0,1747.0,10.548388240497836,15.0
1083.0,1740.0,10.569363541106584,13.0
1591.0,1823.0,10.632517865317862,17.0
1432.0,1796.0,10.647055482974837,12.0
1402.0,1776.0,10.69594734661558,40.0
1710.0,1812.0,10.745745344420737,37.0
1311.0,1626.0,10.830037744129987,11.0
1346.0,1592.0,10.830726928464907,7.0
1580.0,1765.0,10.879897111255502,13.0
1760.0,1822.0,10.881450217629233,33.0
1042.0,1778.0,10.89003784332696,10.0
1745.0,1814.0,10.896056910826431,29.0
1798.0,1799.0,10.941434170366845,26.0
1690.0,1832.0,11.053772155189776,46.0
1806.0,1809.0,11.074218676111116,59.0
1703.0,1732.0,11.199186307568354,7.0
1797.0,1828.0,11.248428625733142,49.0
1793.0,1833.0,11.25063810493432,49.0
1713.0,1820.0,11.329090733960962,17.0
193.0,1821.0,11.344581381569702,17.0
1683.0,1761.0,11.42408019373801,15.0
1553.0,1788.0,11.454941701004408,15.0
1704.0,1751.0,11.469553582124247,17.0
1706.0,1795.0,11.47618380053299,54.0
1772.0,1813.0,11.485126354209179,26.0
1835.0,1844.0,11.535660470288217,56.0
1718.0,1789.0,11.561121626805202,34.0
1758.0,1839.0,11.651105308414932,36.0
1791.0,1819.0,11.656961437679405,33.0
1499.0,1794.0,11.744131150613207,14.0
1564.0,1818.0,11.776206310677276,10.0
1604.0,1846.0,11.810499195143098,20.0
1831.0,1849.0,11.816961298755688,27.0
1766.0,1808.0,11.998820386092753,24.0
1805.0,1825.0,12.10596825719089,38.0
1801.0,1837.0,12.115191209462962,47.0
1811.0,1817.0,12.118498988096855,22.0
1364.0,1702.0,12.155474636045218,7.0
1260.0,1614.0,12.51436559772427,10.0
1737.0,1856.0,12.546638879174289,42.0
1841.0,1845.0,12.850143629653127,95.0
1824.0,1840.0,12.85379786442311,37.0
1717.0,1852.0,12.902265418798514,32.0
1187.0,1851.0,12.99728277286858,60.0
1631.0,1854.0,13.118236046268045,38.0
1842.0,1865.0,13.170451206389227,66.0
1733.0,1863.0,13.197063797153364,52.0
1830.0,1859.0,13.254085010783367,37.0
1834.0,1866.0,13.376315116993611,21.0
1004.0,1850.0,13.426397803482587,19.0
1768.0,1816.0,13.523408255839566,34.0
1497.0,1815.0,13.637894189367735,22.0
1600.0,1860.0,14.024371045261065,32.0
1836.0,1871.0,14.07182385889667,73.0
1858.0,1874.0,14.238760660420263,62.0
1848.0,1864.0,14.360838562332445,37.0
1869.0,1873.0,14.410142008063994,103.0
1251.0,1385.0,14.568268770256873,9.0
1756.0,1878.0,14.627238798848625,42.0
1872.0,1882.0,14.790314771733254,100.0
1653.0,1827.0,15.188778364842403,37.0
1826.0,1843.0,15.421594913824277,22.0
1847.0,1880.0,15.554517492959892,49.0
1853.0,1875.0,15.729518927719045,93.0
1829.0,1868.0,15.814998874846253,108.0
1876.0,1886.0,16.072093499022866,63.0
1804.0,1881.0,16.555956527854324,87.0
1867.0,1883.0,16.954133659005716,79.0
1857.0,1879.0,17.004234825556303,36.0
1887.0,1896.0,17.204954956907887,136.0
1884.0,1890.0,18.881527630526683,152.0
1855.0,1861.0,18.882687910869464,60.0
1862.0,1892.0,18.904635877378986,146.0
1870.0,1889.0,18.97866849485108,54.0
1888.0,1893.0,19.13142344525153,100.0
1894.0,1902.0,21.317075564673946,187.0
1838.0,1900.0,21.439364954297023,156.0
1885.0,1898.0,24.347409863461767,161.0
1891.0,1895.0,24.666946266786322,172.0
1736.0,1901.0,24.920112580063684,67.0
1897.0,1905.0,25.535313010232013,297.0
1877.0,1907.0,26.765352637572594,86.0
1899.0,1906.0,29.362377654793917,232.0
1903.0,1904.0,30.18823883107202,343.0
1908.0,1910.0,56.837171200323596,529.0
1909.0,1912.0,98.81603764593433,615.0
1911.0,1913.0,125.20274492325335,958.0
