row_labels,HAC_ward_eucl
Neuron_0000,43
Neuron_0001,25
Neuron_0002,44
Neuron_0003,28
Neuron_0004,29
Neuron_0005,39
Neuron_0006,38
Neuron_0007,35
Neuron_0008,27
Neuron_0009,3
Neuron_0010,26
Neuron_0011,86
Neuron_0012,11
Neuron_0013,53
Neuron_0014,7
Neuron_0015,54
Neuron_0016,19
Neuron_0017,1
Neuron_0018,97
Neuron_0019,84
Neuron_0020,31
Neuron_0021,5
Neuron_0022,82
Neuron_0023,41
Neuron_0024,83
Neuron_0025,58
Neuron_0026,92
Neuron_0027,90
Neuron_0028,42
Neuron_0029,32
Neuron_0030,91
Neuron_0031,94
Neuron_0032,18
Neuron_0033,20
Neuron_0034,95
Neuron_0035,33
Neuron_0036,70
Neuron_0037,61
Neuron_0038,47
Neuron_0039,40
Neuron_0040,102
Neuron_0041,45
Neuron_0042,71
Neuron_0043,78
Neuron_0044,59
Neuron_0045,36
Neuron_0046,68
Neuron_0047,48
Neuron_0048,30
Neuron_0049,63
Neuron_0050,46
Neuron_0051,69
Neuron_0052,34
Neuron_0053,21
Neuron_0054,49
Neuron_0055,67
Neuron_0056,99
Neuron_0057,6
Neuron_0058,79
Neuron_0059,66
Neuron_0060,104
Neuron_0061,56
Neuron_0062,60
Neuron_0063,75
Neuron_0064,76
Neuron_0065,57
Neuron_0066,103
Neuron_0067,100
Neuron_0068,50
Neuron_0069,80
Neuron_0070,96
Neuron_0071,8
Neuron_0072,55
Neuron_0073,65
Neuron_0074,23
Neuron_0075,15
Neuron_0076,101
Neuron_0077,81
Neuron_0078,51
Neuron_0079,24
Neuron_0080,4
Neuron_0081,52
Neuron_0082,106
Neuron_0083,37
Neuron_0084,105
Neuron_0085,64
Neuron_0086,88
Neuron_0087,107
Neuron_0088,9
Neuron_0089,73
Neuron_0090,62
Neuron_0091,72
Neuron_0092,16
Neuron_0093,10
Neuron_0094,89
Neuron_0095,74
Neuron_0096,87
Neuron_0097,98
Neuron_0098,17
Neuron_0099,22
Neuron_0100,2
Neuron_0101,77
Neuron_0102,93
Neuron_0103,12
Neuron_0104,13
Neuron_0105,85
Neuron_0106,14
